Item name,Variations,Option set 1,Option 1,Option set 2,Option 2,Option set 3,Option 3,Option set 4,Option 4,Is variation visible? (Yes/No),Price,Variable price? (Yes/No),On sale in Online Store?,Regular price (before sale),Tax rate (%),Set up different prices and VAT for takeaway,Takeaway price,Takeaway tax rate,Unit,Track inventory? (Yes/No),Quantity,Low stock threshold,SKU,Barcode,Modifiers,Description (Online Store and Invoices only),Category,Display item at Checkout? (Yes/No),Display colour in POS checkout,Image 1,Image 2,Image 3,Image 4,Image 5,Image 6,Image 7,Display item in Online Store? (Yes/No),SEO title (Online Store only),SEO description (Online Store only),Shipping weight [kg] (Online Store only),Display service in Bookings? (Yes/No),Duration [minutes] (Bookings only),Location [business/customer] (Bookings only),Item id (Do not change),Variant id (Do not change)
Apple Watch SE 2 40MM,,,,,,,,,,,,No,No,,20.00,No,,,each.each,No,,,,,,,Apple Watch,Yes,Light red,,,,,,,,Yes,Apple Watch SE 2 40MM,,,No,,,e7829cf7-3046-4daf-9312-b546018b758f,
,Diagnostic,,,,,,,,,Yes,19.00,,,,,,,,,,0,0,,,,,,,,,,,,,,,,,,,,,,,e31719e4-4a26-4af1-9beb-e58e2a740658
,Genuine OLED Screen,,,,,,,,,Yes,199.00,,,,,,,,,,0,0,,,,,,,,,,,,,,,,,,,,,,,4ec3f12f-6a0d-43aa-ad4e-83897a46d8f4
,Glass Screen,,,,,,,,,Yes,199.00,,,,,,,,,,0,0,,,,,,,,,,,,,,,,,,,,,,,87de3774-64f5-4179-acff-2bd65073470b
,Rear Housing,,,,,,,,,Yes,179.00,,,,,,,,,,0,0,,,,,,,,,,,,,,,,,,,,,,,9768213d-1a8a-45c8-a9de-b830c7feca76
,Battery,,,,,,,,,Yes,139.00,,,,,,,,,,0,0,,,,,,,,,,,,,,,,,,,,,,,4c2374d5-80f5-414f-855a-49f611123565
,Heart Rate Monitor,,,,,,,,,Yes,179.00,,,,,,,,,,0,0,,,,,,,,,,,,,,,,,,,,,,,b037ec5d-fc4d-4cea-a875-ac8aee1d9f9d
,Crown,,,,,,,,,Yes,139.00,,,,,,,,,,0,0,,,,,,,,,,,,,,,,,,,,,,,4715e8e8-547c-4b36-92a1-d9e73a1e3784
,Side Button,,,,,,,,,Yes,129.00,,,,,,,,,,0,0,,,,,,,,,,,,,,,,,,,,,,,acb8c1ce-e290-4d60-9771-83aa819af97e
Apple Watch SE 2 44MM,,,,,,,,,,,,No,No,,20.00,No,,,each.each,No,,,,,,,Apple Watch,Yes,Light red,,,,,,,,Yes,Apple Watch SE 2 44MM,,,No,,,ba1d149b-4645-437b-b48e-34632a4535fe,
,Diagnostic,,,,,,,,,Yes,19.00,,,,,,,,,,0,0,,,,,,,,,,,,,,,,,,,,,,,b5c1ea19-e74d-4e73-8db4-2293561cc754
,Genuine OLED Screen,,,,,,,,,Yes,199.00,,,,,,,,,,0,0,,,,,,,,,,,,,,,,,,,,,,,32289a5f-2372-4992-a5c0-ea0d7ee4d52e
,Glass Screen,,,,,,,,,Yes,199.00,,,,,,,,,,0,0,,,,,,,,,,,,,,,,,,,,,,,0bd2cb37-bd00-4ea5-97bc-84e2707e6d8f
,Rear Housing,,,,,,,,,Yes,179.00,,,,,,,,,,0,0,,,,,,,,,,,,,,,,,,,,,,,f8364cdf-19af-49c3-9b03-e6b7dafac862
,Battery,,,,,,,,,Yes,139.00,,,,,,,,,,0,0,,,,,,,,,,,,,,,,,,,,,,,4abae519-5f0a-454a-8038-24129ef6c806
,Heart Rate Monitor,,,,,,,,,Yes,179.00,,,,,,,,,,0,0,,,,,,,,,,,,,,,,,,,,,,,c93aa2e4-c9f9-4472-986e-502bb60f528f
,Crown,,,,,,,,,Yes,139.00,,,,,,,,,,0,0,,,,,,,,,,,,,,,,,,,,,,,0340399c-aacf-492b-bebd-077e6993ef92
,Side Button,,,,,,,,,Yes,129.00,,,,,,,,,,0,0,,,,,,,,,,,,,,,,,,,,,,,84139482-4066-4ff0-a999-cc2430708452
Apple Watch SE 40MM,,,,,,,,,,,,No,No,,20.00,No,,,each.each,No,,,,,,,Apple Watch,Yes,Light red,,,,,,,,Yes,Apple Watch SE 40MM,,,No,,,048864ca-ce8e-44ea-980c-b39196e70b38,
,Diagnostic,,,,,,,,,Yes,19.00,,,,,,,,,,0,0,,,,,,,,,,,,,,,,,,,,,,,e0379a52-2a8a-4802-bea9-a459e5aa45ad
,Genuine OLED Screen,,,,,,,,,Yes,199.00,,,,,,,,,,0,0,,,,,,,,,,,,,,,,,,,,,,,957d6143-6dbd-401d-943a-75b6fc6299c3
,Glass Screen,,,,,,,,,Yes,199.00,,,,,,,,,,0,0,,,,,,,,,,,,,,,,,,,,,,,ba351f7a-c782-467e-bd31-39b060ec51ab
,Rear Housing,,,,,,,,,Yes,159.00,,,,,,,,,,0,0,,,,,,,,,,,,,,,,,,,,,,,9146ceb0-2c90-4a91-88f3-db231047fa34
,Battery,,,,,,,,,Yes,149.00,,,,,,,,,,0,0,,,,,,,,,,,,,,,,,,,,,,,728a8668-11fc-486c-8100-bcab2da7a4b4
,Heart Rate Monitor,,,,,,,,,Yes,159.00,,,,,,,,,,0,0,,,,,,,,,,,,,,,,,,,,,,,30b977e3-6f34-445b-9d15-c4a976a7021b
,Crown,,,,,,,,,Yes,119.00,,,,,,,,,,0,0,,,,,,,,,,,,,,,,,,,,,,,bc97f38e-e558-49bc-98ca-0676929a98fd
,Side Button,,,,,,,,,Yes,119.00,,,,,,,,,,0,0,,,,,,,,,,,,,,,,,,,,,,,1e744734-08e0-4ecc-97c9-e667fbb7fbaf
Apple Watch SE 44MM,,,,,,,,,,,,No,No,,20.00,No,,,each.each,No,,,,,,,Apple Watch,Yes,Light red,,,,,,,,Yes,Apple Watch SE 44MM,,,No,,,16645e49-4591-4183-8460-8e5c108a5c48,
,Diagnostic,,,,,,,,,Yes,19.00,,,,,,,,,,0,0,,,,,,,,,,,,,,,,,,,,,,,d87fb9f8-19a5-4a41-af12-9b5c7dc16425
,Genuine OLED Screen,,,,,,,,,Yes,199.00,,,,,,,,,,0,0,,,,,,,,,,,,,,,,,,,,,,,dc18c274-920d-401d-8e26-0d474491c927
,Glass Screen,,,,,,,,,Yes,199.00,,,,,,,,,,0,0,,,,,,,,,,,,,,,,,,,,,,,e837d311-f629-46ed-9c41-3323375e7c6f
,Rear Housing,,,,,,,,,Yes,149.00,,,,,,,,,,0,0,,,,,,,,,,,,,,,,,,,,,,,9e1ddcdd-b11d-472f-9e89-ddab60b75bcd
,Battery,,,,,,,,,Yes,149.00,,,,,,,,,,0,0,,,,,,,,,,,,,,,,,,,,,,,fb004b0f-1af5-4955-9d44-a788f41283ca
,Heart Rate Monitor,,,,,,,,,Yes,159.00,,,,,,,,,,0,0,,,,,,,,,,,,,,,,,,,,,,,f9473ba9-15ab-41f5-9c17-a1093b630543
,Crown,,,,,,,,,Yes,119.00,,,,,,,,,,0,0,,,,,,,,,,,,,,,,,,,,,,,d54c6fcb-23b7-4e75-9cde-0d8c57ac8c42
,Side Button,,,,,,,,,Yes,119.00,,,,,,,,,,0,0,,,,,,,,,,,,,,,,,,,,,,,c81dfea6-ae13-4326-b4d1-86c56b96117e
Apple Watch Series 4 40MM,,,,,,,,,,,,No,No,,20.00,No,,,each.each,No,,,,,,,Apple Watch,Yes,Light red,,,,,,,,Yes,Apple Watch Series 4 40MM,,,No,,,ca218267-1fd7-432b-8757-3909f36658ea,
,Diagnostic,,,,,,,,,Yes,19.00,,,,,,,,,,0,0,,,,,,,,,,,,,,,,,,,,,,,63345f62-3db4-4f4d-b1ed-8d10258f650b
,Genuine OLED Screen,,,,,,,,,Yes,179.00,,,,,,,,,,0,0,,,,,,,,,,,,,,,,,,,,,,,c108ed55-7ac1-4453-b3ce-a76d3627f067
,Glass Screen,,,,,,,,,Yes,179.00,,,,,,,,,,0,0,,,,,,,,,,,,,,,,,,,,,,,b16d4250-088d-4076-97a2-7b229f19b555
,Rear Housing,,,,,,,,,Yes,179.00,,,,,,,,,,0,0,,,,,,,,,,,,,,,,,,,,,,,1a09181b-4467-4813-b4ac-52a224ca00dc
,Battery,,,,,,,,,Yes,129.00,,,,,,,,,,0,0,,,,,,,,,,,,,,,,,,,,,,,a6df46c6-d3ed-4822-a6cb-1bec64dad2f0
,Heart Rate Monitor,,,,,,,,,Yes,179.00,,,,,,,,,,0,0,,,,,,,,,,,,,,,,,,,,,,,06fe40c2-a9ea-4672-8241-5083c37fbaf7
,Crown,,,,,,,,,Yes,99.00,,,,,,,,,,0,0,,,,,,,,,,,,,,,,,,,,,,,34e3011b-fc5d-4c8a-81cd-c61ed1eed149
,Side Button,,,,,,,,,Yes,99.00,,,,,,,,,,0,0,,,,,,,,,,,,,,,,,,,,,,,7e18ef03-e2eb-4fa3-b437-9ea441a313dc
Apple Watch Series 4 44MM,,,,,,,,,,,,No,No,,20.00,No,,,each.each,No,,,,,,,Apple Watch,Yes,Light red,,,,,,,,Yes,Apple Watch Series 4 44MM,,,No,,,9da755a8-448b-4aea-a8e4-d5cfc749d111,
,Diagnostic,,,,,,,,,Yes,19.00,,,,,,,,,,0,0,,,,,,,,,,,,,,,,,,,,,,,7498ebc0-1e77-465d-a40e-4c8d11287813
,Genuine OLED Screen,,,,,,,,,Yes,179.00,,,,,,,,,,0,0,,,,,,,,,,,,,,,,,,,,,,,ee05669d-71a4-460e-99d4-357ae99f3e74
,Glass Screen,,,,,,,,,Yes,179.00,,,,,,,,,,0,0,,,,,,,,,,,,,,,,,,,,,,,1f2096d7-f32e-45ca-bcb8-412d18afca2d
,Rear Housing,,,,,,,,,Yes,179.00,,,,,,,,,,0,0,,,,,,,,,,,,,,,,,,,,,,,ee8a0338-e4c5-4a35-9307-2e1775c3c6c1
,Battery,,,,,,,,,Yes,129.00,,,,,,,,,,0,0,,,,,,,,,,,,,,,,,,,,,,,95f25eb6-3c7d-4efc-83fd-6da16b2acb12
,Heart Rate Monitor,,,,,,,,,Yes,179.00,,,,,,,,,,0,0,,,,,,,,,,,,,,,,,,,,,,,72f9c9ed-752e-4848-8e22-e27aad0a9598
,Crown,,,,,,,,,Yes,99.00,,,,,,,,,,0,0,,,,,,,,,,,,,,,,,,,,,,,e669515d-f94e-43e1-8c1f-14d2d1ee667c
,Side Button,,,,,,,,,Yes,99.00,,,,,,,,,,0,0,,,,,,,,,,,,,,,,,,,,,,,c23eb05f-9848-4314-89ab-4f33688edf7e
Apple Watch Series 5 40MM,,,,,,,,,,,,No,No,,20.00,No,,,each.each,No,,,,,,,Apple Watch,Yes,Light red,,,,,,,,Yes,Apple Watch Series 5 40MM,,,No,,,8a8b250a-36ce-4568-87e1-8185e1d15791,
,Diagnostic,,,,,,,,,Yes,19.00,,,,,,,,,,0,0,,,,,,,,,,,,,,,,,,,,,,,9533b065-b09f-437e-968f-4e5dbd1cf8e9
,Genuine OLED Screen,,,,,,,,,Yes,179.00,,,,,,,,,,0,0,,,,,,,,,,,,,,,,,,,,,,,6d9cd27e-5998-4cf0-9d79-162e4bfa9220
,Glass Screen,,,,,,,,,Yes,179.00,,,,,,,,,,0,0,,,,,,,,,,,,,,,,,,,,,,,4f242334-2614-46b6-af65-4eafc93ad897
,Rear Housing,,,,,,,,,Yes,179.00,,,,,,,,,,0,0,,,,,,,,,,,,,,,,,,,,,,,050489e9-8006-403a-88f1-a25fc940e5f3
,Battery,,,,,,,,,Yes,139.00,,,,,,,,,,0,0,,,,,,,,,,,,,,,,,,,,,,,c592d4f3-2098-4ad6-8963-2991ca7751a0
,Heart Rate Monitor,,,,,,,,,Yes,179.00,,,,,,,,,,0,0,,,,,,,,,,,,,,,,,,,,,,,2606422a-fe07-4522-a2ac-777a8bb788b4
,Crown,,,,,,,,,Yes,99.00,,,,,,,,,,0,0,,,,,,,,,,,,,,,,,,,,,,,9caee578-c695-472c-8c5d-6b1b4c14a95a
,Side Button,,,,,,,,,Yes,99.00,,,,,,,,,,0,0,,,,,,,,,,,,,,,,,,,,,,,a4165f40-98dc-4fa7-8d76-b3b4c840e499
Apple Watch Series 5 44MM,,,,,,,,,,,,No,No,,20.00,No,,,each.each,No,,,,,,,Apple Watch,Yes,Light red,,,,,,,,Yes,Apple Watch Series 5 44MM,,,No,,,6d0be2cb-4beb-4db6-8cad-392f7b3c32a4,
,Diagnostic,,,,,,,,,Yes,19.00,,,,,,,,,,0,0,,,,,,,,,,,,,,,,,,,,,,,8bc7f74c-7150-4ef4-9627-4b211f9649ee
,Genuine OLED Screen,,,,,,,,,Yes,179.00,,,,,,,,,,0,0,,,,,,,,,,,,,,,,,,,,,,,65dbff17-2a6c-490a-98cb-e01eea22d4fc
,Glass Screen,,,,,,,,,Yes,179.00,,,,,,,,,,0,0,,,,,,,,,,,,,,,,,,,,,,,8598a745-5827-4142-a410-500ed07d4f3a
,Rear Housing,,,,,,,,,Yes,179.00,,,,,,,,,,0,0,,,,,,,,,,,,,,,,,,,,,,,f09e9f2f-d7e8-458e-b7f8-d6abb92ca7ce
,Battery,,,,,,,,,Yes,139.00,,,,,,,,,,0,0,,,,,,,,,,,,,,,,,,,,,,,29e9e5c6-0d62-430b-a6cd-16796b6127c4
,Heart Rate Monitor,,,,,,,,,Yes,179.00,,,,,,,,,,0,0,,,,,,,,,,,,,,,,,,,,,,,d87296a1-376e-4a9c-b8af-f673394b87b2
,Crown,,,,,,,,,Yes,99.00,,,,,,,,,,0,0,,,,,,,,,,,,,,,,,,,,,,,6a68e0da-8479-4536-8511-37f4dd7e946e
,Side Button,,,,,,,,,Yes,99.00,,,,,,,,,,0,0,,,,,,,,,,,,,,,,,,,,,,,58d196af-8e20-45c0-8be3-b07cd7b1ec80
Apple Watch Series 6 40MM,,,,,,,,,,,,No,No,,20.00,No,,,each.each,No,,,,,,,Apple Watch,Yes,Light red,,,,,,,,Yes,Apple Watch Series 6 40MM,,,No,,,d0c492d0-577a-4917-869f-c64db1c60e59,
,Diagnostic,,,,,,,,,Yes,19.00,,,,,,,,,,0,0,,,,,,,,,,,,,,,,,,,,,,,afe1842e-f737-4372-a32a-88566da96157
,Genuine OLED Screen,,,,,,,,,Yes,179.00,,,,,,,,,,0,0,,,,,,,,,,,,,,,,,,,,,,,e392f15f-1f99-4869-acfe-daad5034bb96
,Glass Screen,,,,,,,,,Yes,179.00,,,,,,,,,,0,0,,,,,,,,,,,,,,,,,,,,,,,75d54861-c818-4414-b1fb-e05ca12ce138
,Rear Housing,,,,,,,,,Yes,179.00,,,,,,,,,,0,0,,,,,,,,,,,,,,,,,,,,,,,249fe661-42ef-4950-9b43-cc38daba6117
,Battery,,,,,,,,,Yes,139.00,,,,,,,,,,0,0,,,,,,,,,,,,,,,,,,,,,,,4045e7a8-d62b-47f7-9544-75d34efa718a
,Heart Rate Monitor,,,,,,,,,Yes,179.00,,,,,,,,,,0,0,,,,,,,,,,,,,,,,,,,,,,,eea8148b-4a14-495a-9354-1dd6816f8dff
,Crown,,,,,,,,,Yes,99.00,,,,,,,,,,0,0,,,,,,,,,,,,,,,,,,,,,,,e5abfbfd-982d-4238-a7fb-ddf80dddd1be
,Side Button,,,,,,,,,Yes,99.00,,,,,,,,,,0,0,,,,,,,,,,,,,,,,,,,,,,,229f3a2f-d1b9-4e8c-948e-76552cae01c4
Apple Watch Series 6 44MM,,,,,,,,,,,,No,No,,20.00,No,,,each.each,No,,,,,,,Apple Watch,Yes,Light red,,,,,,,,Yes,Apple Watch Series 6 44MM,,,No,,,4154591f-a4af-4a53-9f08-e21ef4e8bc48,
,Diagnostic,,,,,,,,,Yes,19.00,,,,,,,,,,0,0,,,,,,,,,,,,,,,,,,,,,,,c998ef61-e0f1-4fa3-8eb5-846f029aa4d3
,Genuine OLED Screen,,,,,,,,,Yes,179.00,,,,,,,,,,0,0,,,,,,,,,,,,,,,,,,,,,,,8f6778e5-900d-4a7a-81c2-580ed505eea5
,Glass Screen,,,,,,,,,Yes,179.00,,,,,,,,,,0,0,,,,,,,,,,,,,,,,,,,,,,,bd38bfd2-7203-4775-a504-dcae4195183e
,Rear Housing,,,,,,,,,Yes,179.00,,,,,,,,,,0,0,,,,,,,,,,,,,,,,,,,,,,,d4a08ede-3986-41d7-b663-aaf93fd0d3f9
,Battery,,,,,,,,,Yes,139.00,,,,,,,,,,0,0,,,,,,,,,,,,,,,,,,,,,,,b1cf7266-4daa-4093-9327-83a0a0dbd068
,Heart Rate Monitor,,,,,,,,,Yes,179.00,,,,,,,,,,0,0,,,,,,,,,,,,,,,,,,,,,,,264302ff-0f9d-4c19-8c9d-37fcafbcf007
,Crown,,,,,,,,,Yes,99.00,,,,,,,,,,0,0,,,,,,,,,,,,,,,,,,,,,,,76d9d779-7d50-4c60-b939-d8f74b80e2ee
,Side Button,,,,,,,,,Yes,99.00,,,,,,,,,,0,0,,,,,,,,,,,,,,,,,,,,,,,817bb03e-5766-4675-bbfc-245bac031b5f
Apple Watch Series 7 41MM,,,,,,,,,,,,No,No,,20.00,No,,,each.each,No,,,,,,,Apple Watch,Yes,Light red,,,,,,,,Yes,Apple Watch Series 7 41MM,,,No,,,c4c1aaf1-3ab0-4dd7-af74-940cd42c4448,
,Diagnostic,,,,,,,,,Yes,19.00,,,,,,,,,,0,0,,,,,,,,,,,,,,,,,,,,,,,428fa2f4-6e17-4264-a633-994ef8698ab2
,Genuine OLED Screen,,,,,,,,,Yes,199.00,,,,,,,,,,0,0,,,,,,,,,,,,,,,,,,,,,,,afbab81f-8801-4d06-a100-a5760b128d1f
,Glass Screen,,,,,,,,,Yes,199.00,,,,,,,,,,0,0,,,,,,,,,,,,,,,,,,,,,,,88697afe-acc0-45e0-88f4-f45fba2bbffa
,Rear Housing,,,,,,,,,Yes,199.00,,,,,,,,,,0,0,,,,,,,,,,,,,,,,,,,,,,,9d64103a-1232-4f42-9f65-27af3318de58
,Battery,,,,,,,,,Yes,139.00,,,,,,,,,,0,0,,,,,,,,,,,,,,,,,,,,,,,8a1951f9-1d27-4e07-b677-30596397a569
,Heart Rate Monitor,,,,,,,,,Yes,199.00,,,,,,,,,,0,0,,,,,,,,,,,,,,,,,,,,,,,c93304ae-0102-46c2-9e8a-dc5bd89080b4
,Crown,,,,,,,,,Yes,119.00,,,,,,,,,,0,0,,,,,,,,,,,,,,,,,,,,,,,8991455d-b937-46b5-9d5a-9fa4153dda58
,Side Button,,,,,,,,,Yes,119.00,,,,,,,,,,0,0,,,,,,,,,,,,,,,,,,,,,,,25dc5eeb-9aab-4551-83bf-81ad6a832cae
Apple Watch Series 7 45MM,,,,,,,,,,,,No,No,,20.00,No,,,each.each,No,,,,,,,Apple Watch,Yes,Light red,,,,,,,,Yes,Apple Watch Series 7 45MM,,,No,,,7d20c19d-9be8-4598-aa23-ccfb6ce1e48a,
,Diagnostic,,,,,,,,,Yes,19.00,,,,,,,,,,0,0,,,,,,,,,,,,,,,,,,,,,,,715706d7-48aa-4b5a-9116-5be8a279b01b
,Genuine OLED Screen,,,,,,,,,Yes,199.00,,,,,,,,,,0,0,,,,,,,,,,,,,,,,,,,,,,,28e994b1-e8ff-45ae-a3cd-fd6d2ec7476d
,Glass Screen,,,,,,,,,Yes,199.00,,,,,,,,,,0,0,,,,,,,,,,,,,,,,,,,,,,,fbb11ad8-a5af-4d0a-8816-55dd9bd46462
,Rear Housing,,,,,,,,,Yes,199.00,,,,,,,,,,0,0,,,,,,,,,,,,,,,,,,,,,,,df967a19-e8f0-40cd-9060-3472795f73e0
,Battery,,,,,,,,,Yes,139.00,,,,,,,,,,0,0,,,,,,,,,,,,,,,,,,,,,,,a983789d-390e-49da-8685-0f46563d5cba
,Heart Rate Monitor,,,,,,,,,Yes,199.00,,,,,,,,,,0,0,,,,,,,,,,,,,,,,,,,,,,,d95c5d66-7770-4d09-8c05-faf36740caee
,Crown,,,,,,,,,Yes,119.00,,,,,,,,,,0,0,,,,,,,,,,,,,,,,,,,,,,,e450a81b-8562-4ad7-9ea5-dc82ff6048f4
,Side Button,,,,,,,,,Yes,119.00,,,,,,,,,,0,0,,,,,,,,,,,,,,,,,,,,,,,b73cb169-4df9-4a08-8248-c49c8364a127
Apple Watch Series 8 41MM,,,,,,,,,,,,No,No,,20.00,No,,,each.each,No,,,,,,,Apple Watch,Yes,Light red,,,,,,,,Yes,Apple Watch Series 8 41MM,,,No,,,0c770cff-79ab-4db8-8036-7ee9a358f2e4,
,Diagnostic,,,,,,,,,Yes,19.00,,,,,,,,,,0,0,,,,,,,,,,,,,,,,,,,,,,,ccf7a501-4923-45a3-8257-5b32e16ee918
,Genuine OLED Screen,,,,,,,,,Yes,219.00,,,,,,,,,,0,0,,,,,,,,,,,,,,,,,,,,,,,b12f61ae-07e4-4ad1-af52-b9bd872510d7
,Glass Screen,,,,,,,,,Yes,219.00,,,,,,,,,,0,0,,,,,,,,,,,,,,,,,,,,,,,94db3da7-f0ed-4e9f-b9d8-58373fb375ea
,Rear Housing,,,,,,,,,Yes,219.00,,,,,,,,,,0,0,,,,,,,,,,,,,,,,,,,,,,,ff597e01-1050-43a8-a4ed-69edb117d2cb
,Battery,,,,,,,,,Yes,149.00,,,,,,,,,,0,0,,,,,,,,,,,,,,,,,,,,,,,c91aba28-c915-4376-ba48-088c991a37ef
,Heart Rate Monitor,,,,,,,,,Yes,219.00,,,,,,,,,,0,0,,,,,,,,,,,,,,,,,,,,,,,191eaa22-8940-4cbf-b048-08f00479e386
,Crown,,,,,,,,,Yes,119.00,,,,,,,,,,0,0,,,,,,,,,,,,,,,,,,,,,,,23a4ad3e-67d0-413b-ad4f-2d3ba51efed2
,Side Button,,,,,,,,,Yes,119.00,,,,,,,,,,0,0,,,,,,,,,,,,,,,,,,,,,,,29f57172-2723-47ce-b61c-b798dd509540
Apple Watch Series 8 45MM,,,,,,,,,,,,No,No,,20.00,No,,,each.each,No,,,,,,,Apple Watch,Yes,Light red,,,,,,,,Yes,Apple Watch Series 8 45MM,,,No,,,e297ba82-1b0f-468c-91d0-3155a989d55f,
,Diagnostic,,,,,,,,,Yes,19.00,,,,,,,,,,0,0,,,,,,,,,,,,,,,,,,,,,,,74867e4c-5638-4360-81aa-8dde3e3f5bb2
,Genuine OLED Screen,,,,,,,,,Yes,219.00,,,,,,,,,,0,0,,,,,,,,,,,,,,,,,,,,,,,f69c78c6-912f-478b-bec1-c45414038710
,Glass Screen,,,,,,,,,Yes,219.00,,,,,,,,,,0,0,,,,,,,,,,,,,,,,,,,,,,,ea9a5f04-992a-4bb6-8875-5c7fb35fcb0c
,Rear Housing,,,,,,,,,Yes,219.00,,,,,,,,,,0,0,,,,,,,,,,,,,,,,,,,,,,,008cbc48-afae-40a4-a831-ccde7182c445
,Battery,,,,,,,,,Yes,149.00,,,,,,,,,,0,0,,,,,,,,,,,,,,,,,,,,,,,9d261291-80a6-4c8f-b0b8-f6e330f77515
,Heart Rate Monitor,,,,,,,,,Yes,219.00,,,,,,,,,,0,0,,,,,,,,,,,,,,,,,,,,,,,fc52d5f6-05ce-4cf3-a1c9-1c30f141acf7
,Crown,,,,,,,,,Yes,119.00,,,,,,,,,,0,0,,,,,,,,,,,,,,,,,,,,,,,662121d5-5666-4620-8013-7dcb016af8f5
,Side Button,,,,,,,,,Yes,119.00,,,,,,,,,,0,0,,,,,,,,,,,,,,,,,,,,,,,e81ff538-ce85-4c90-be97-efec523094a3
Apple Watch Series 9 41MM,,,,,,,,,,,,No,No,,20.00,No,,,each.each,No,,,,,,,Apple Watch,Yes,Light red,,,,,,,,Yes,Apple Watch Series 9 41MM,,,No,,,fc4329fe-7c34-4ef2-be85-9d709f5b72b1,
,Diagnostic,,,,,,,,,Yes,19.00,,,,,,,,,,0,0,,,,,,,,,,,,,,,,,,,,,,,cae4be7a-3f50-441e-a40e-61540fcace8c
,Genuine OLED Screen,,,,,,,,,Yes,249.00,,,,,,,,,,0,0,,,,,,,,,,,,,,,,,,,,,,,a1290d35-3b46-40d3-9a83-a834a253c061
,Glass Screen,,,,,,,,,Yes,249.00,,,,,,,,,,0,0,,,,,,,,,,,,,,,,,,,,,,,0f1167c9-3de0-4648-a02a-975790c36d5f
,Rear Housing,,,,,,,,,Yes,249.00,,,,,,,,,,0,0,,,,,,,,,,,,,,,,,,,,,,,5c79ba7e-4b2e-42f4-9c5a-eef9dbfbc9c1
,Battery,,,,,,,,,Yes,179.00,,,,,,,,,,0,0,,,,,,,,,,,,,,,,,,,,,,,a68b4315-99ce-422b-a85a-fb22f0da5081
,Heart Rate Monitor,,,,,,,,,Yes,249.00,,,,,,,,,,0,0,,,,,,,,,,,,,,,,,,,,,,,8d50cd99-e883-4bd5-b0e1-bee358f56ea6
,Crown,,,,,,,,,Yes,149.00,,,,,,,,,,0,0,,,,,,,,,,,,,,,,,,,,,,,e455d431-d863-45b1-aa10-5cbb8cb799a3
,Side Button,,,,,,,,,Yes,149.00,,,,,,,,,,0,0,,,,,,,,,,,,,,,,,,,,,,,2f2a4f00-4fd5-4ec0-8f10-17fc2b1e7ee7
Apple Watch Series 9 45MM,,,,,,,,,,,,No,No,,20.00,No,,,each.each,No,,,,,,,Apple Watch,Yes,Light red,,,,,,,,Yes,Apple Watch Series 9 45MM,,,No,,,bb2b8516-9aba-4e0d-9214-5dcedad6273f,
,Diagnostic,,,,,,,,,Yes,19.00,,,,,,,,,,0,0,,,,,,,,,,,,,,,,,,,,,,,e533128d-68ca-4de4-bfd8-6ddf9728cb95
,Genuine OLED Screen,,,,,,,,,Yes,249.00,,,,,,,,,,0,0,,,,,,,,,,,,,,,,,,,,,,,97103890-05bd-4aaa-9598-dc273c6bfb36
,Rear Housing,,,,,,,,,Yes,249.00,,,,,,,,,,0,0,,,,,,,,,,,,,,,,,,,,,,,d25240ee-6eb8-46de-bbbd-5c8a51b6241e
,Battery,,,,,,,,,Yes,179.00,,,,,,,,,,0,0,,,,,,,,,,,,,,,,,,,,,,,6e253757-c831-455e-a31d-ae6c65324ef0
,Heart Rate Monitor,,,,,,,,,Yes,249.00,,,,,,,,,,0,0,,,,,,,,,,,,,,,,,,,,,,,5bac719a-8bb6-4a48-8385-f03f8a28d253
,Side Button,,,,,,,,,Yes,149.00,,,,,,,,,,0,0,,,,,,,,,,,,,,,,,,,,,,,4b0c705d-d216-412d-98c0-9bdb35746991
,Glass Screen,,,,,,,,,Yes,249.00,,,,,,,,,,0,0,,,,,,,,,,,,,,,,,,,,,,,c2fd82f2-317d-48af-83b0-d6d37b486c8b
Apple Watch Ultra,,,,,,,,,,,,No,No,,20.00,No,,,each.each,No,,,,,,,Apple Watch,Yes,Light red,,,,,,,,Yes,Apple Watch Ultra,,,No,,,278f45b5-c784-46fd-9f7d-279b8f4ff0c1,
,Diagnostic,,,,,,,,,Yes,19.00,,,,,,,,,,0,0,,,,,,,,,,,,,,,,,,,,,,,0c5912b6-ef90-4e65-9e7f-2ce28edca072
,Genuine OLED Screen,,,,,,,,,Yes,399.00,,,,,,,,,,0,0,,,,,,,,,,,,,,,,,,,,,,,7fbb81dc-f5c5-45ef-9f91-b7bd46a04af8
,Glass Screen,,,,,,,,,Yes,399.00,,,,,,,,,,0,0,,,,,,,,,,,,,,,,,,,,,,,f66cd667-958c-45b7-b1e0-42c81f9a4d91
,Rear Housing,,,,,,,,,Yes,349.00,,,,,,,,,,0,0,,,,,,,,,,,,,,,,,,,,,,,f9a61695-55cc-4680-a1f4-af1c867bf377
,Battery,,,,,,,,,Yes,279.00,,,,,,,,,,0,0,,,,,,,,,,,,,,,,,,,,,,,f0a38291-1305-475d-83c2-ad5608cc0af3
,Heart Rate Monitor,,,,,,,,,Yes,349.00,,,,,,,,,,0,0,,,,,,,,,,,,,,,,,,,,,,,e82cd156-9c07-4441-9f63-a62c095d9809
,Side Button,,,,,,,,,Yes,229.00,,,,,,,,,,0,0,,,,,,,,,,,,,,,,,,,,,,,afa24d9d-bf25-4182-bfdf-f5ca2b46acb9
Courier Service (E3 4FT),,,,,,,,,,Yes,0.00,No,No,,20.00,No,,,each.each,No,0,0,,,,,Additional Services,Yes,Light red,,,,,,,,Yes,,,,No,,,c0d3cb2e-eb42-4536-95cc-b776be9a1f2e,f9d158a2-d53d-4427-8f59-867f01e573e9
Diagnostic Express Service,,,,,,,,,,,,No,No,,20.00,No,,,each.each,No,,,,,,,Additional Services,Yes,Light red,,,,,,,,Yes,,,,No,,,346047D8-86D0-4FC9-B46D-C2CD6E70B212,
,iPhone,,,,,,,,,Yes,59.00,,,,,,,,,,0,0,,,,,,,,,,,,,,,,,,,,,,,D32F0243-7AE5-4672-82D7-8A2609F32FE5
,iPad,,,,,,,,,Yes,59.00,,,,,,,,,,0,0,,,,,,,,,,,,,,,,,,,,,,,B1DC33F5-8408-4E1F-B855-1DD934E958D3
,MacBook,,,,,,,,,Yes,59.00,,,,,,,,,,0,0,,,,,,,,,,,,,,,,,,,,,,,23BAD823-96E1-43FE-AED6-670E9F573BC7
,Apple Watch,,,,,,,,,Yes,39.00,,,,,,,,,,0,0,,,,,,,,,,,,,,,,,,,,,,,f644868e-ef38-444f-8984-5d0e2990715b
MacBook Air 13” A1466 (2012/17),,,,,,,,,,,,No,No,,20.00,No,,,each.each,No,,,,,,,MacBook,Yes,Light red,,,,,,,,Yes,,,,No,,,2D316A25-5F55-4BF9-A16C-4BCC82BDDD69,
,Diagnostic,,,,,,,,,Yes,49.00,,,,,,,,,,0,0,,,,,,,,,,,,,,,,,,,,,,,BD2AEC03-B580-42FE-A21E-20987683A53D
,Screen,,,,,,,,,Yes,299.00,,,,,,,,,,0,0,,,,,,,,,,,,,,,,,,,,,,,69D356A5-59D2-4CF8-A22A-BC99BFCC5F05
,Battery,,,,,,,,,Yes,159.00,,,,,,,,,,0,0,,,,,,,,,,,,,,,,,,,,,,,7FF10631-BB9A-4FBB-A5C8-BD784AC07FD5
,Charging Port,,,,,,,,,Yes,149.00,,,,,,,,,,0,0,,,,,,,,,,,,,,,,,,,,,,,EDB1CE80-4670-462F-9080-1518362A90A0
,Keyboard,,,,,,,,,Yes,199.00,,,,,,,,,,0,0,,,,,,,,,,,,,,,,,,,,,,,C93A8730-C298-4F3E-9AD6-E4C8DA9B07B8
,Trackpad,,,,,,,,,Yes,149.00,,,,,,,,,,0,0,,,,,,,,,,,,,,,,,,,,,,,F1B275E5-D0E1-4092-B3DB-5217424050B3
MacBook Air 13” A1932 (2018/19),,,,,,,,,,,,No,No,,20.00,No,,,each.each,No,,,,,,,MacBook,Yes,Light red,,,,,,,,Yes,,,,No,,,649063BB-F4D8-4329-BD55-41478A566DF1,
,Diagnostic,,,,,,,,,Yes,49.00,,,,,,,,,,0,0,,,,,,,,,,,,,,,,,,,,,,,BA535029-BD78-459C-A533-AF26F386BF3A
,Screen,,,,,,,,,Yes,299.00,,,,,,,,,,0,0,,,,,,,,,,,,,,,,,,,,,,,A4C7FCAE-2516-41A8-A3F1-CDDA0452813E
,Battery,,,,,,,,,Yes,199.00,,,,,,,,,,0,0,,,,,,,,,,,,,,,,,,,,,,,B0667DD4-68B9-49AA-B7D8-4B78E0389585
,Charging Port,,,,,,,,,Yes,149.00,,,,,,,,,,0,0,,,,,,,,,,,,,,,,,,,,,,,B4F5508B-61BE-4673-A0A5-22A02B4E9FC7
,Keyboard,,,,,,,,,Yes,249.00,,,,,,,,,,0,0,,,,,,,,,,,,,,,,,,,,,,,D53D385D-CCC0-4845-AC18-3C32E390E640
,Trackpad,,,,,,,,,Yes,199.00,,,,,,,,,,0,0,,,,,,,,,,,,,,,,,,,,,,,4D80EE8A-2CB4-4CC8-A2FF-ED86352576A2
MacBook Air 13” A2179 (2020),,,,,,,,,,,,No,No,,20.00,No,,,each.each,No,,,,,,,MacBook,Yes,Light red,,,,,,,,Yes,,,,No,,,E3E2FAC4-C8A9-4320-A0F1-D82DD4FAF2D7,
,Diagnostic,,,,,,,,,Yes,49.00,,,,,,,,,,0,0,,,,,,,,,,,,,,,,,,,,,,,90FFAE23-A604-45C5-BD5F-4F59ABAB63FF
,Screen,,,,,,,,,Yes,299.00,,,,,,,,,,0,0,,,,,,,,,,,,,,,,,,,,,,,F10AC3AE-9B53-4576-942F-39DB084605DA
,Battery,,,,,,,,,Yes,149.00,,,,,,,,,,0,0,,,,,,,,,,,,,,,,,,,,,,,59E5CE8A-72DF-4756-94B1-32CFE9AA4BED
,Charging Port,,,,,,,,,Yes,149.00,,,,,,,,,,0,0,,,,,,,,,,,,,,,,,,,,,,,9B7BFB7F-72D2-42EC-98B1-B1B2611C205D
,Keyboard,,,,,,,,,Yes,249.00,,,,,,,,,,0,0,,,,,,,,,,,,,,,,,,,,,,,9E41FA99-51E1-403A-AA9D-031E9E7C1676
,Trackpad,,,,,,,,,Yes,149.00,,,,,,,,,,0,0,,,,,,,,,,,,,,,,,,,,,,,C6FCFDC7-AF3C-43DD-88DE-6BFCCED50BE0
MacBook Air 13” M1 A2337 (2020),,,,,,,,,,,,No,No,,20.00,No,,,each.each,No,,,,,,,MacBook,Yes,Light red,,,,,,,,Yes,,,,No,,,6D1392B4-952C-4B30-AA22-6148129C0F2D,
,Diagnostic,,,,,,,,,Yes,49.00,,,,,,,,,,0,0,,,,,,,,,,,,,,,,,,,,,,,C60548D1-9D49-4A26-A867-95A3DF55A223
,Screen,,,,,,,,,Yes,339.00,,,,,,,,,,0,0,,,,,,,,,,,,,,,,,,,,,,,1E4F6F70-B756-4F82-8804-3481A24B482C
,Battery,,,,,,,,,Yes,179.00,,,,,,,,,,0,0,,,,,,,,,,,,,,,,,,,,,,,C44896A1-B64E-4FCB-B68D-0C5375FC4296
,Charging Port,,,,,,,,,Yes,149.00,,,,,,,,,,0,0,,,,,,,,,,,,,,,,,,,,,,,3C0FCD9B-EE3D-4956-991B-0C254EDB1887
,Keyboard,,,,,,,,,Yes,249.00,,,,,,,,,,0,0,,,,,,,,,,,,,,,,,,,,,,,85D5B239-20D3-419B-801A-0983E6B773D0
,Trackpad,,,,,,,,,Yes,199.00,,,,,,,,,,0,0,,,,,,,,,,,,,,,,,,,,,,,127CF1AF-9829-435E-84D1-935D80C358E2
MacBook Air 13” M2 A2681 (2022),,,,,,,,,,,,No,No,,20.00,No,,,each.each,No,,,,,,,MacBook,Yes,Light red,,,,,,,,Yes,,,,No,,,875BB7A5-0F81-44B7-88CD-32BFBD0054D9,
,Diagnostic,,,,,,,,,Yes,49.00,,,,,,,,,,0,0,,,,,,,,,,,,,,,,,,,,,,,8145112E-F8E4-4A1A-96D5-DE8F13C42BF1
,Screen,,,,,,,,,Yes,399.00,,,,,,,,,,0,0,,,,,,,,,,,,,,,,,,,,,,,D9B1A531-4818-400F-959B-B46587FCF4E7
,Battery,,,,,,,,,Yes,249.00,,,,,,,,,,0,0,,,,,,,,,,,,,,,,,,,,,,,16075B9D-DD13-4A91-93B8-25A46DF646D6
,Charging Port,,,,,,,,,Yes,199.00,,,,,,,,,,0,0,,,,,,,,,,,,,,,,,,,,,,,371CEA29-F053-4D26-8033-7EF0756050A0
,Keyboard,,,,,,,,,Yes,279.00,,,,,,,,,,0,0,,,,,,,,,,,,,,,,,,,,,,,737D872B-B9C8-4E81-9ED0-C5EAB2AEC805
,Trackpad,,,,,,,,,Yes,249.00,,,,,,,,,,0,0,,,,,,,,,,,,,,,,,,,,,,,5862408E-2F7F-4EBF-8138-B9AD8B23D8C4
MacBook Air 13” M3 A3113 (2024),,,,,,,,,,,,No,No,,20.00,No,,,each.each,No,,,,,,,MacBook,Yes,Light red,,,,,,,,Yes,,,,No,,,53405B7E-4803-44DB-88A5-F866AD2B6CF4,
,Diagnostic,,,,,,,,,Yes,49.00,,,,,,,,,,0,0,,,,,,,,,,,,,,,,,,,,,,,68224059-967C-40C2-AC31-4A5CD5DB5F1C
,Screen,,,,,,,,,Yes,429.00,,,,,,,,,,0,0,,,,,,,,,,,,,,,,,,,,,,,50E52C1D-4DAA-4826-97D9-AB4A6CF94459
,Battery,,,,,,,,,Yes,249.00,,,,,,,,,,0,0,,,,,,,,,,,,,,,,,,,,,,,F871CBCE-849F-4899-BCEA-6B595792AD89
,Charging Port,,,,,,,,,Yes,199.00,,,,,,,,,,0,0,,,,,,,,,,,,,,,,,,,,,,,72C7B5F8-DE06-4D35-BF9C-DF33718D7576
,Keyboard,,,,,,,,,Yes,299.00,,,,,,,,,,0,0,,,,,,,,,,,,,,,,,,,,,,,C3BDDF23-329B-412B-9452-F8C0D57A6104
,Trackpad,,,,,,,,,Yes,249.00,,,,,,,,,,0,0,,,,,,,,,,,,,,,,,,,,,,,9C54B65A-460F-458E-9321-5C454CB033A9
MacBook Air 15” M2 A2941 (2023),,,,,,,,,,,,No,No,,20.00,No,,,each.each,No,,,,,,,MacBook,Yes,Light red,,,,,,,,Yes,,,,No,,,A76778F7-E147-4423-8D5D-5424E314B2AB,
,Diagnostic,,,,,,,,,Yes,49.00,,,,,,,,,,0,0,,,,,,,,,,,,,,,,,,,,,,,C0BA662E-35F8-4FBA-91CC-FD5B83604D21
,Screen,,,,,,,,,Yes,449.00,,,,,,,,,,0,0,,,,,,,,,,,,,,,,,,,,,,,5D4C8E2B-1498-4855-AC7B-496800C5A255
,Battery,,,,,,,,,Yes,249.00,,,,,,,,,,0,0,,,,,,,,,,,,,,,,,,,,,,,16D82A4F-74F9-415C-A56F-5C42A0E36212
,Charging Port,,,,,,,,,Yes,199.00,,,,,,,,,,0,0,,,,,,,,,,,,,,,,,,,,,,,B3EEF5FD-0C17-4D5D-AC41-9DC41728E8FE
,Keyboard,,,,,,,,,Yes,289.00,,,,,,,,,,0,0,,,,,,,,,,,,,,,,,,,,,,,F181A6E8-59B2-4E00-8424-B2731544874D
,Trackpad,,,,,,,,,Yes,299.00,,,,,,,,,,0,0,,,,,,,,,,,,,,,,,,,,,,,586E1062-4551-450E-9CFA-061950024A98
MacBook Air 15” M3 A3114 (2024),,,,,,,,,,,,No,No,,20.00,No,,,each.each,No,,,,,,,MacBook,Yes,Light red,,,,,,,,Yes,,,,No,,,2314A6E9-36F1-4AEC-BF35-9C124E08E17D,
,Diagnostic,,,,,,,,,Yes,49.00,,,,,,,,,,0,0,,,,,,,,,,,,,,,,,,,,,,,FC737F15-9F45-4188-B8EB-20B52E912470
,Screen,,,,,,,,,Yes,469.00,,,,,,,,,,0,0,,,,,,,,,,,,,,,,,,,,,,,2BF47328-7382-4728-A438-F03E1B0E0FC7
,Battery,,,,,,,,,Yes,249.00,,,,,,,,,,0,0,,,,,,,,,,,,,,,,,,,,,,,85BE25A2-C0FB-46DB-8A9C-2BC770BF8FB5
,Charging Port,,,,,,,,,Yes,199.00,,,,,,,,,,0,0,,,,,,,,,,,,,,,,,,,,,,,A5A10AC1-B990-4DA9-B7AB-64F62B74A944
,Keyboard,,,,,,,,,Yes,299.00,,,,,,,,,,0,0,,,,,,,,,,,,,,,,,,,,,,,E92D288A-8101-49DA-8A8F-54815092D9E0
,Trackpad,,,,,,,,,Yes,299.00,,,,,,,,,,0,0,,,,,,,,,,,,,,,,,,,,,,,2A41208B-C001-42F2-AEF2-A622B5E054C5
MacBook Pro 13” 2TB A2159 (2019),,,,,,,,,,,,No,No,,20.00,No,,,each.each,No,,,,,,,MacBook,Yes,Light red,,,,,,,,Yes,,,,No,,,D6163EDD-B99F-47EB-B49E-E2A58AB530BF,
,Diagnostic,,,,,,,,,Yes,49.00,,,,,,,,,,0,0,,,,,,,,,,,,,,,,,,,,,,,1C9E28A3-0054-4A7A-A7C5-2A3BA0DE1E39
,Screen,,,,,,,,,Yes,329.00,,,,,,,,,,0,0,,,,,,,,,,,,,,,,,,,,,,,6AAC8B49-229A-4E7E-AE4F-6F40B9ACE806
,DustGate,,,,,,,,,Yes,249.00,,,,,,,,,,0,0,,,,,,,,,,,,,,,,,,,,,,,A4DE861C-3ECC-41B4-86AC-78BBC45B0BBB
,Battery,,,,,,,,,Yes,179.00,,,,,,,,,,0,0,,,,,,,,,,,,,,,,,,,,,,,61FD9D51-707F-4D97-841D-6C891E8B29BF
,Charging Port,,,,,,,,,Yes,149.00,,,,,,,,,,0,0,,,,,,,,,,,,,,,,,,,,,,,05660CAF-A7C4-4B36-ADEE-5DF91541A7C6
,Touch Bar,,,,,,,,,Yes,249.00,,,,,,,,,,0,0,,,,,,,,,,,,,,,,,,,,,,,C22E8908-453B-488B-98AC-99B79306BEEE
,Keyboard,,,,,,,,,Yes,249.00,,,,,,,,,,0,0,,,,,,,,,,,,,,,,,,,,,,,818D9807-28A2-48F4-B721-0941E967EB45
,Trackpad,,,,,,,,,Yes,199.00,,,,,,,,,,0,0,,,,,,,,,,,,,,,,,,,,,,,EBA48667-B2E2-4A9E-86F5-3F8ACBD75E78
MacBook Pro 13” 2TB A2289 (2020),,,,,,,,,,,,No,No,,20.00,No,,,each.each,No,,,,,,,MacBook,Yes,Light red,,,,,,,,Yes,,,,No,,,4B65F814-F069-4448-B2CE-C674112919DF,
,Diagnostic,,,,,,,,,Yes,49.00,,,,,,,,,,0,0,,,,,,,,,,,,,,,,,,,,,,,36443E40-FB56-482F-90DE-5969AD42FC13
,Screen,,,,,,,,,Yes,329.00,,,,,,,,,,0,0,,,,,,,,,,,,,,,,,,,,,,,2F1DB1CC-D414-44CF-B013-02295BAA6956
,DustGate,,,,,,,,,Yes,249.00,,,,,,,,,,0,0,,,,,,,,,,,,,,,,,,,,,,,B8445D66-9E1B-4215-887E-09974FA5FEBA
,Battery,,,,,,,,,Yes,179.00,,,,,,,,,,0,0,,,,,,,,,,,,,,,,,,,,,,,9126CCF3-6F0F-449F-9E89-3DA37CF1B9C1
,Charging Port,,,,,,,,,Yes,149.00,,,,,,,,,,0,0,,,,,,,,,,,,,,,,,,,,,,,68003F39-F253-4633-92DE-C07DAB2A2891
,Keyboard,,,,,,,,,Yes,249.00,,,,,,,,,,0,0,,,,,,,,,,,,,,,,,,,,,,,BBF900FD-2DFE-43F8-A44A-8507ED4A4F38
,Trackpad,,,,,,,,,Yes,199.00,,,,,,,,,,0,0,,,,,,,,,,,,,,,,,,,,,,,F2783362-5E6F-44B5-AD09-7DBB8B62CCB9
MacBook Pro 13” 4TB A2251 (2020),,,,,,,,,,,,No,No,,20.00,No,,,each.each,No,,,,,,,MacBook,Yes,Light red,,,,,,,,Yes,,,,No,,,FB2860AE-929A-41C8-BD84-BF4D0BB09311,
,Diagnostic,,,,,,,,,Yes,49.00,,,,,,,,,,0,0,,,,,,,,,,,,,,,,,,,,,,,A540809F-07D8-4405-B97B-3F3A92B337B6
,Screen,,,,,,,,,Yes,329.00,,,,,,,,,,0,0,,,,,,,,,,,,,,,,,,,,,,,5B5BF188-00F5-4106-A8D6-ED86D3DD1E15
,DustGate,,,,,,,,,Yes,249.00,,,,,,,,,,0,0,,,,,,,,,,,,,,,,,,,,,,,5CFAB2E2-D328-463C-A098-CE47237F721B
,Battery,,,,,,,,,Yes,179.00,,,,,,,,,,0,0,,,,,,,,,,,,,,,,,,,,,,,F7BE5DDF-3B76-493F-9965-3F6BC92876FA
,Charging Port,,,,,,,,,Yes,149.00,,,,,,,,,,0,0,,,,,,,,,,,,,,,,,,,,,,,B5451A02-4983-4469-944B-C8A6628381A3
,Touch Bar,,,,,,,,,Yes,249.00,,,,,,,,,,0,0,,,,,,,,,,,,,,,,,,,,,,,2AB0109D-320E-484F-8A72-92AECE73C6C3
,Keyboard,,,,,,,,,Yes,249.00,,,,,,,,,,0,0,,,,,,,,,,,,,,,,,,,,,,,76174A55-C7AA-4423-A4C0-3998F1D146D4
,Trackpad,,,,,,,,,Yes,199.00,,,,,,,,,,0,0,,,,,,,,,,,,,,,,,,,,,,,E465EC45-D0C3-46B4-8AA1-8363BA8CCEAC
MacBook Pro 13” A1706 (2016/18),,,,,,,,,,,,No,No,,20.00,No,,,each.each,No,,,,,,,MacBook,Yes,Light red,,,,,,,,Yes,,,,No,,,C8BD522E-8A4B-413C-A5B4-80F4E996C668,
,Diagnostic,,,,,,,,,Yes,49.00,,,,,,,,,,0,0,,,,,,,,,,,,,,,,,,,,,,,C39C77E5-26B8-4702-B1B6-335ABF056ADF
,Screen,,,,,,,,,Yes,399.00,,,,,,,,,,0,0,,,,,,,,,,,,,,,,,,,,,,,BCB17B8C-67B5-4560-96DF-0B7E4365D6A8
,DustGate,,,,,,,,,Yes,299.00,,,,,,,,,,0,0,,,,,,,,,,,,,,,,,,,,,,,DA9AB2FE-3E7F-4119-9E36-9C282FB9C9AF
,FlexGate,,,,,,,,,Yes,299.00,,,,,,,,,,0,0,,,,,,,,,,,,,,,,,,,,,,,3E6B30EE-EE02-47F2-AA40-60CBC98F1CC9
,Battery,,,,,,,,,Yes,149.00,,,,,,,,,,0,0,,,,,,,,,,,,,,,,,,,,,,,0FB64C10-C440-4B64-8898-96644968E4A0
,Charging Port,,,,,,,,,Yes,99.00,,,,,,,,,,0,0,,,,,,,,,,,,,,,,,,,,,,,D264593C-E8BB-44DF-933B-5C7A2DFE7AA0
,Touch Bar,,,,,,,,,Yes,199.00,,,,,,,,,,0,0,,,,,,,,,,,,,,,,,,,,,,,AD3D300F-7E8F-484C-BD02-D4204291C0E6
,Keyboard,,,,,,,,,Yes,249.00,,,,,,,,,,0,0,,,,,,,,,,,,,,,,,,,,,,,1D32E009-A503-4DC5-9F2B-878F4F2AA6C8
,Trackpad,,,,,,,,,Yes,149.00,,,,,,,,,,0,0,,,,,,,,,,,,,,,,,,,,,,,7ECC64AD-026F-439F-82CD-6B4E0D61C626
MacBook Pro 13” A1708 (2016/17),,,,,,,,,,,,No,No,,20.00,No,,,each.each,No,,,,,,,MacBook,Yes,Light red,,,,,,,,Yes,,,,No,,,0752FC6C-7065-4E92-9AB8-A0D84BDE0F61,
,Diagnostic,,,,,,,,,Yes,49.00,,,,,,,,,,0,0,,,,,,,,,,,,,,,,,,,,,,,8F50C64E-8FFC-4A61-8BF8-FAEBD4A59294
,Screen,,,,,,,,,Yes,399.00,,,,,,,,,,0,0,,,,,,,,,,,,,,,,,,,,,,,61A04784-9433-4050-8391-0533B96B94A8
,DustGate,,,,,,,,,Yes,299.00,,,,,,,,,,0,0,,,,,,,,,,,,,,,,,,,,,,,C5CD424B-CBE8-4362-9ADA-00D377320924
,FlexGate,,,,,,,,,Yes,299.00,,,,,,,,,,0,0,,,,,,,,,,,,,,,,,,,,,,,90A05469-40AE-4912-A236-4A3D5713A2BA
,Battery,,,,,,,,,Yes,179.00,,,,,,,,,,0,0,,,,,,,,,,,,,,,,,,,,,,,E2C4CB91-5906-4462-A877-95F50C5178B8
,Charging Port,,,,,,,,,Yes,149.00,,,,,,,,,,0,0,,,,,,,,,,,,,,,,,,,,,,,B7C74555-C56E-4063-AE5D-09F871E8100E
,Keyboard,,,,,,,,,Yes,249.00,,,,,,,,,,0,0,,,,,,,,,,,,,,,,,,,,,,,F0481537-AC88-4D5C-B796-54CB1FF007D5
,Trackpad,,,,,,,,,Yes,199.00,,,,,,,,,,0,0,,,,,,,,,,,,,,,,,,,,,,,CE7899E2-2E05-4447-AB7E-F83F7B59AA0B
MacBook Pro 13” A1989 (2018/19),,,,,,,,,,,,No,No,,20.00,No,,,each.each,No,,,,,,,MacBook,Yes,Light red,,,,,,,,Yes,,,,No,,,04F63E42-9DC2-49E7-872B-B415EDEED254,
,Diagnostic,,,,,,,,,Yes,49.00,,,,,,,,,,0,0,,,,,,,,,,,,,,,,,,,,,,,D0BADB86-B2FA-4B42-8301-322C0E27760C
,Screen,,,,,,,,,Yes,299.00,,,,,,,,,,0,0,,,,,,,,,,,,,,,,,,,,,,,0AC968D6-60D5-4575-B725-28F895170969
,DustGate,,,,,,,,,Yes,249.00,,,,,,,,,,0,0,,,,,,,,,,,,,,,,,,,,,,,140B2E17-68CC-435D-91AC-955EB7E54069
,Battery,,,,,,,,,Yes,179.00,,,,,,,,,,0,0,,,,,,,,,,,,,,,,,,,,,,,2CF2C1F8-6027-4EAA-B777-AF7F373CC35B
,Charging Port,,,,,,,,,Yes,149.00,,,,,,,,,,0,0,,,,,,,,,,,,,,,,,,,,,,,F965ABC9-76BA-408D-95B3-12C998833BF0
,Touch Bar,,,,,,,,,Yes,249.00,,,,,,,,,,0,0,,,,,,,,,,,,,,,,,,,,,,,AE5D20AB-C982-499B-A759-E345BA12D136
,Keyboard,,,,,,,,,Yes,299.00,,,,,,,,,,0,0,,,,,,,,,,,,,,,,,,,,,,,0E2BCBFC-0FA8-4F82-AD3A-67144A1F146E
,Trackpad,,,,,,,,,Yes,199.00,,,,,,,,,,0,0,,,,,,,,,,,,,,,,,,,,,,,7CACA96B-5D38-43A9-A468-7A437FB643C5
MacBook Pro 13” M1 A2338 (2020),,,,,,,,,,,,No,No,,20.00,No,,,each.each,No,,,,,,,MacBook,Yes,Light red,,,,,,,,Yes,,,,No,,,E4DC4770-5774-4161-8D5F-26544ABA5D1C,
,Diagnostic,,,,,,,,,Yes,49.00,,,,,,,,,,0,0,,,,,,,,,,,,,,,,,,,,,,,55F12A3F-25F4-46CC-ACEC-8B6F47B811C1
,Screen,,,,,,,,,Yes,399.00,,,,,,,,,,0,0,,,,,,,,,,,,,,,,,,,,,,,78ADB438-30F9-4F07-B914-562D021F4B32
,DustGate,,,,,,,,,Yes,249.00,,,,,,,,,,0,0,,,,,,,,,,,,,,,,,,,,,,,447C758E-E241-45C0-9CF6-03DC201D0AEE
,Battery,,,,,,,,,Yes,199.00,,,,,,,,,,0,0,,,,,,,,,,,,,,,,,,,,,,,538D9AF5-B878-41AE-B224-682C99DCC527
,Charging Port,,,,,,,,,Yes,159.00,,,,,,,,,,0,0,,,,,,,,,,,,,,,,,,,,,,,87A8B6C8-82D3-4BE3-95BA-C58D9CFF7498
,Touch Bar,,,,,,,,,Yes,249.00,,,,,,,,,,0,0,,,,,,,,,,,,,,,,,,,,,,,ACA54F32-8EEF-4202-9785-8F2519667DFC
,Keyboard,,,,,,,,,Yes,249.00,,,,,,,,,,0,0,,,,,,,,,,,,,,,,,,,,,,,6A3A6444-B1A8-4E6D-97A1-90E33CCFB806
,Trackpad,,,,,,,,,Yes,199.00,,,,,,,,,,0,0,,,,,,,,,,,,,,,,,,,,,,,8B4141CC-5709-4552-B34B-5A2C56E01B51
MacBook Pro 13” M2 A2338 (2022),,,,,,,,,,,,No,No,,20.00,No,,,each.each,No,,,,,,,MacBook,Yes,Light red,,,,,,,,Yes,,,,No,,,86EBF7C3-1A84-4147-A1F3-40BD2AFB6524,
,Diagnostic,,,,,,,,,Yes,49.00,,,,,,,,,,0,0,,,,,,,,,,,,,,,,,,,,,,,81DE6532-38E2-44CB-8DFD-E7FAE51CF84A
,Screen,,,,,,,,,Yes,429.00,,,,,,,,,,0,0,,,,,,,,,,,,,,,,,,,,,,,049431C2-6DA1-4AA1-ABEB-C85574B3DCBA
,Battery,,,,,,,,,Yes,199.00,,,,,,,,,,0,0,,,,,,,,,,,,,,,,,,,,,,,7C991D2E-F41C-462C-B8A8-0D0E45C95754
,Charging Port,,,,,,,,,Yes,159.00,,,,,,,,,,0,0,,,,,,,,,,,,,,,,,,,,,,,6BE82B67-68D0-440F-87C5-8CD1E31BD389
,Touch Bar,,,,,,,,,Yes,249.00,,,,,,,,,,0,0,,,,,,,,,,,,,,,,,,,,,,,DAA8652E-13CB-4B18-8B84-4692841AE49C
,Keyboard,,,,,,,,,Yes,249.00,,,,,,,,,,0,0,,,,,,,,,,,,,,,,,,,,,,,18EDBD17-FECF-4DB1-89A1-7F39B687D305
,Trackpad,,,,,,,,,Yes,249.00,,,,,,,,,,0,0,,,,,,,,,,,,,,,,,,,,,,,6D06BF03-492F-4985-BBD5-9655B0626EB9
MacBook Pro 14” M1 Pro/Max A2442 (2021),,,,,,,,,,,,No,No,,20.00,No,,,each.each,No,,,,,,,MacBook,Yes,Light red,,,,,,,,Yes,,,,No,,,2F08AE6C-28DB-4ED8-A836-AA004653EDF7,
,Diagnostic,,,,,,,,,Yes,49.00,,,,,,,,,,0,0,,,,,,,,,,,,,,,,,,,,,,,F1C90C89-2FA7-4016-A7B8-A5D62DDA99B2
,Screen,,,,,,,,,Yes,549.00,,,,,,,,,,0,0,,,,,,,,,,,,,,,,,,,,,,,7F65B281-0277-40C3-9DFC-992B1B44C069
,Battery,,,,,,,,,Yes,249.00,,,,,,,,,,0,0,,,,,,,,,,,,,,,,,,,,,,,E49CADB2-1B17-4E59-A65E-1AE80613F835
,Charging Port,,,,,,,,,Yes,199.00,,,,,,,,,,0,0,,,,,,,,,,,,,,,,,,,,,,,F4232FFF-DBEE-4BE4-977A-972814C37216
,Keyboard,,,,,,,,,Yes,249.00,,,,,,,,,,0,0,,,,,,,,,,,,,,,,,,,,,,,BE9B0CF5-94CF-4458-A80B-45B6EEF758F3
,Trackpad,,,,,,,,,Yes,249.00,,,,,,,,,,0,0,,,,,,,,,,,,,,,,,,,,,,,3FCF18AA-C9CE-405C-A734-258E53339318
MacBook Pro 14” M2 Pro/Max A2779 (2023),,,,,,,,,,,,No,No,,20.00,No,,,each.each,No,,,,,,,MacBook,Yes,Light red,,,,,,,,Yes,MacBook Pro 14” ‘M2 Pro/Max’ A2779 (2023),,,No,,,6396e1ef-7a73-4632-acab-d9cdb6e89d8b,
,Diagnostic,,,,,,,,,Yes,49.00,,,,,,,,,,0,0,,,,,,,,,,,,,,,,,,,,,,,90a57f6e-cc0e-47c8-b7eb-b109bc8e291e
,Screen,,,,,,,,,Yes,599.00,,,,,,,,,,0,0,,,,,,,,,,,,,,,,,,,,,,,dbe0aa89-af3d-4c30-8163-cc396682e89e
,Battery,,,,,,,,,Yes,249.00,,,,,,,,,,0,0,,,,,,,,,,,,,,,,,,,,,,,0207A2C3-F95D-48E0-9F0D-3A42577704DA
,Charging Port,,,,,,,,,Yes,199.00,,,,,,,,,,0,0,,,,,,,,,,,,,,,,,,,,,,,5B7C08E9-F2AA-400C-A603-378215935C2C
,Keyboard,,,,,,,,,Yes,279.00,,,,,,,,,,0,0,,,,,,,,,,,,,,,,,,,,,,,B6CC1C02-992D-4CCA-A38D-A99758EAA484
,Trackpad,,,,,,,,,Yes,249.00,,,,,,,,,,0,0,,,,,,,,,,,,,,,,,,,,,,,FE41A634-E09C-48E3-823F-2429155E82C5
MacBook Pro 14” M3 A2918 / M3 Pro/Max A2992 (2023),,,,,,,,,,,,No,No,,20.00,No,,,each.each,No,,,,,,,MacBook,Yes,Light red,,,,,,,,Yes,,,,No,,,10C4E369-CCDD-4E1C-81A7-6354C78BB8F5,
,Diagnostic,,,,,,,,,Yes,49.00,,,,,,,,,,0,0,,,,,,,,,,,,,,,,,,,,,,,72F65C9F-2E8F-4CFF-A948-94C1559F8513
,Screen,,,,,,,,,Yes,649.00,,,,,,,,,,0,0,,,,,,,,,,,,,,,,,,,,,,,A8375FB2-B977-494B-9055-33DBFA81C06B
,Battery,,,,,,,,,Yes,249.00,,,,,,,,,,0,0,,,,,,,,,,,,,,,,,,,,,,,A9A49450-B9BF-414E-A772-012E37DAAAF6
,Charging Port,,,,,,,,,Yes,199.00,,,,,,,,,,0,0,,,,,,,,,,,,,,,,,,,,,,,9F777545-2F5C-4B5F-8D5D-A121B9DE4849
,Keyboard,,,,,,,,,Yes,329.00,,,,,,,,,,0,0,,,,,,,,,,,,,,,,,,,,,,,DA7004B0-E7EB-48E1-8061-956DFC4F6219
,Trackpad,,,,,,,,,Yes,249.00,,,,,,,,,,0,0,,,,,,,,,,,,,,,,,,,,,,,CCC50AE6-DD31-4FEE-AD84-A7D05FD96131
MacBook Pro 15” A1990 (2018/19),,,,,,,,,,,,No,No,,20.00,No,,,each.each,No,,,,,,,MacBook,Yes,Light red,,,,,,,,Yes,,,,No,,,911205DF-F164-4F05-8EE1-9A281BE4FF7E,
,Diagnostic,,,,,,,,,Yes,49.00,,,,,,,,,,0,0,,,,,,,,,,,,,,,,,,,,,,,83E9B079-4D74-4B35-8189-D765A0F40BE0
,Screen,,,,,,,,,Yes,499.00,,,,,,,,,,0,0,,,,,,,,,,,,,,,,,,,,,,,92157430-8AA7-4E60-9E48-F2DEED521E74
,DustGate,,,,,,,,,Yes,249.00,,,,,,,,,,0,0,,,,,,,,,,,,,,,,,,,,,,,BC42206A-E4C1-4F3F-A6FC-C294EC721586
,Battery,,,,,,,,,Yes,179.00,,,,,,,,,,0,0,,,,,,,,,,,,,,,,,,,,,,,73EF6D41-994F-4176-BFE8-1A0E321FC566
,Charging Port,,,,,,,,,Yes,149.00,,,,,,,,,,0,0,,,,,,,,,,,,,,,,,,,,,,,E0082F6E-257F-412A-8956-2DA0981F3E72
,Keyboard,,,,,,,,,Yes,249.00,,,,,,,,,,0,0,,,,,,,,,,,,,,,,,,,,,,,4766C673-D961-41CA-B984-066875155F77
,Trackpad,,,,,,,,,Yes,199.00,,,,,,,,,,0,0,,,,,,,,,,,,,,,,,,,,,,,19CF7358-8D58-4374-AA2B-0EF3D912AA62
MacBook Pro 15” Retina A1398 (2012/15),,,,,,,,,,,,No,No,,20.00,No,,,each.each,No,,,,,,,MacBook,Yes,Light red,,,,,,,,Yes,,,,No,,,555590B9-7BB8-46E4-89C4-6094FBB905E8,
,Diagnostic,,,,,,,,,Yes,49.00,,,,,,,,,,0,0,,,,,,,,,,,,,,,,,,,,,,,9E0CE185-4A02-4809-9318-61407EBF340C
,Screen,,,,,,,,,Yes,499.00,,,,,,,,,,0,0,,,,,,,,,,,,,,,,,,,,,,,A247470F-F18B-4C53-ADF0-DD53E9108387
,Battery,,,,,,,,,Yes,199.00,,,,,,,,,,0,0,,,,,,,,,,,,,,,,,,,,,,,39846CB6-7DC3-4462-96E9-B39993EE8699
,Charging Port,,,,,,,,,Yes,149.00,,,,,,,,,,0,0,,,,,,,,,,,,,,,,,,,,,,,8D3BFD20-B31F-4067-A3F4-DE0402DF9A1D
,Keyboard,,,,,,,,,Yes,249.00,,,,,,,,,,0,0,,,,,,,,,,,,,,,,,,,,,,,11FF82BA-F7F0-4C09-8772-7DCAFAD9950D
,Trackpad,,,,,,,,,Yes,199.00,,,,,,,,,,0,0,,,,,,,,,,,,,,,,,,,,,,,813119B4-5455-4EF5-8D90-E19199BDAFCA
MacBook Pro 15” Retina A1707 (2016/17),,,,,,,,,,,,No,No,,20.00,No,,,each.each,No,,,,,,,MacBook,Yes,Light red,,,,,,,,Yes,,,,No,,,F54FAFEB-9E2A-4450-9687-C6EDB07770E8,
,Diagnostic,,,,,,,,,Yes,49.00,,,,,,,,,,0,0,,,,,,,,,,,,,,,,,,,,,,,FB63FED7-FAF7-4675-BF4D-AA1C8ED4727C
,Screen,,,,,,,,,Yes,499.00,,,,,,,,,,0,0,,,,,,,,,,,,,,,,,,,,,,,5B0CA4FC-93B2-4307-8C84-9E4DC4B98926
,DustGate,,,,,,,,,Yes,299.00,,,,,,,,,,0,0,,,,,,,,,,,,,,,,,,,,,,,93708841-5E7A-4CE5-BB91-5F2C2C345B74
,FlexGate,,,,,,,,,Yes,299.00,,,,,,,,,,0,0,,,,,,,,,,,,,,,,,,,,,,,81DD950C-32EB-49A9-A6AC-3EED7C220B74
,Battery,,,,,,,,,Yes,179.00,,,,,,,,,,0,0,,,,,,,,,,,,,,,,,,,,,,,469D6EE6-0F57-4D40-8370-7C5108511100
,Charging Port,,,,,,,,,Yes,149.00,,,,,,,,,,0,0,,,,,,,,,,,,,,,,,,,,,,,FED4B532-EB72-411F-9614-CC3D2C320A99
,Keyboard,,,,,,,,,Yes,249.00,,,,,,,,,,0,0,,,,,,,,,,,,,,,,,,,,,,,2D285F99-2A3B-4E96-83B7-4095F8B85FDA
,Trackpad,,,,,,,,,Yes,199.00,,,,,,,,,,0,0,,,,,,,,,,,,,,,,,,,,,,,DDE88997-DC43-4361-B64F-E9A270289504
MacBook Pro 16” A2141 (2019),,,,,,,,,,,,No,No,,20.00,No,,,each.each,No,,,,,,,MacBook,Yes,Light red,,,,,,,,Yes,,,,No,,,5D884A80-57B4-431C-922A-E74421989762,
,Diagnostic,,,,,,,,,Yes,49.00,,,,,,,,,,0,0,,,,,,,,,,,,,,,,,,,,,,,07D323EF-D48F-40B5-AA12-12F32E6424D1
,Screen,,,,,,,,,Yes,499.00,,,,,,,,,,0,0,,,,,,,,,,,,,,,,,,,,,,,1A389261-E190-425D-BC05-61BA8A598503
,DustGate,,,,,,,,,Yes,249.00,,,,,,,,,,0,0,,,,,,,,,,,,,,,,,,,,,,,9F8E4A22-6C0D-45D8-A248-E6454DB5B213
,Battery,,,,,,,,,Yes,199.00,,,,,,,,,,0,0,,,,,,,,,,,,,,,,,,,,,,,BEB83885-6986-4EBA-A75F-AC8D499A87E4
,Charging Port,,,,,,,,,Yes,149.00,,,,,,,,,,0,0,,,,,,,,,,,,,,,,,,,,,,,54C55446-7F7E-4FF5-B13C-36B509B45F19
,Keyboard,,,,,,,,,Yes,249.00,,,,,,,,,,0,0,,,,,,,,,,,,,,,,,,,,,,,EFDA3635-72F4-40BC-A3A5-30DFE5E84447
,Trackpad,,,,,,,,,Yes,199.00,,,,,,,,,,0,0,,,,,,,,,,,,,,,,,,,,,,,8D0F0F7E-7A88-4A58-8B9E-D01332086DC2
MacBook Pro 16” M1 Pro/Max A2485 (2021),,,,,,,,,,,,No,No,,20.00,No,,,each.each,No,,,,,,,MacBook,Yes,Light red,,,,,,,,Yes,,,,No,,,8678A76F-BBDC-45C9-90AC-26C449A442B5,
,Diagnostic,,,,,,,,,Yes,49.00,,,,,,,,,,0,0,,,,,,,,,,,,,,,,,,,,,,,46C28217-7B69-429A-9EA0-DDA9BAD18D08
,Screen,,,,,,,,,Yes,599.00,,,,,,,,,,0,0,,,,,,,,,,,,,,,,,,,,,,,01E4FC73-0A9C-4932-9BAF-36E32F5A887E
,Battery,,,,,,,,,Yes,249.00,,,,,,,,,,0,0,,,,,,,,,,,,,,,,,,,,,,,B5FA899F-E219-42CC-BBC6-805813C1E858
,Charging Port,,,,,,,,,Yes,199.00,,,,,,,,,,0,0,,,,,,,,,,,,,,,,,,,,,,,0E11B61F-6621-48AA-AB19-C958F6353213
,Keyboard,,,,,,,,,Yes,289.00,,,,,,,,,,0,0,,,,,,,,,,,,,,,,,,,,,,,E6C97937-CDD6-4899-B57F-0854602D008B
,Trackpad,,,,,,,,,Yes,249.00,,,,,,,,,,0,0,,,,,,,,,,,,,,,,,,,,,,,92838A9A-9E61-48F5-8A1F-AF89D3FBC0D3
MacBook Pro 16” M2 Pro/Max A2780 (2023),,,,,,,,,,,,No,No,,20.00,No,,,each.each,No,,,,,,,MacBook,Yes,Light red,,,,,,,,Yes,,,,No,,,8BB8284D-B2A5-4EAA-9349-712754D86C2A,
,Diagnostic,,,,,,,,,Yes,49.00,,,,,,,,,,0,0,,,,,,,,,,,,,,,,,,,,,,,69473B4F-19C9-4796-B386-DC090FC3A268
,Screen,,,,,,,,,Yes,639.00,,,,,,,,,,0,0,,,,,,,,,,,,,,,,,,,,,,,8FF99A8E-F7B4-45C7-A564-976EB2BC2B32
,Battery,,,,,,,,,Yes,249.00,,,,,,,,,,0,0,,,,,,,,,,,,,,,,,,,,,,,4AF53E6E-FF7E-4670-9655-6F5D52BDDC20
,Charging Port,,,,,,,,,Yes,199.00,,,,,,,,,,0,0,,,,,,,,,,,,,,,,,,,,,,,8ABCBEE5-7EAD-4AEA-ADB5-AD8E91B5F322
,Keyboard,,,,,,,,,Yes,289.00,,,,,,,,,,0,0,,,,,,,,,,,,,,,,,,,,,,,103C0E99-E06B-4B5C-BCE5-A930C8FA51B0
,Trackpad,,,,,,,,,Yes,299.00,,,,,,,,,,0,0,,,,,,,,,,,,,,,,,,,,,,,7D7888C0-8721-4C65-8540-C068B6CA3461
MacBook Pro 16” M3Pro/Max A2991 (2023),,,,,,,,,,,,No,No,,20.00,No,,,each.each,No,,,,,,,MacBook,Yes,Light red,,,,,,,,Yes,,,,No,,,A4ABDC6D-6AFF-4A9C-AC23-7A59C080D971,
,Diagnostic,,,,,,,,,Yes,49.00,,,,,,,,,,0,0,,,,,,,,,,,,,,,,,,,,,,,CA0ED9CB-B45F-4EBD-A8F0-9C54D6F54666
,Screen,,,,,,,,,Yes,699.00,,,,,,,,,,0,0,,,,,,,,,,,,,,,,,,,,,,,23B6ED9A-D8DB-4911-B6D8-746B4EAEB1E7
,Battery,,,,,,,,,Yes,249.00,,,,,,,,,,0,0,,,,,,,,,,,,,,,,,,,,,,,E631BEE9-5BFE-4E7B-9CCA-A0B1530AC677
,Charging Port,,,,,,,,,Yes,199.00,,,,,,,,,,0,0,,,,,,,,,,,,,,,,,,,,,,,0E4FE88A-E8FA-403E-B5DB-CDE6147CD8C2
,Keyboard,,,,,,,,,Yes,329.00,,,,,,,,,,0,0,,,,,,,,,,,,,,,,,,,,,,,D980F9A2-64E4-4496-BDC0-CBA9B531F209
,Trackpad,,,,,,,,,Yes,299.00,,,,,,,,,,0,0,,,,,,,,,,,,,,,,,,,,,,,1214B2D0-36FA-4846-9DD3-FCA3B93AF5F2
Repair Express Service,,,,,,,,,,,,No,No,,20.00,No,,,each.each,No,,,,,,,Additional Services,Yes,Light red,,,,,,,,Yes,,,,No,,,A8D301EF-FE80-457C-A3D4-EE7D1486E1AB,
,iPhone,,,,,,,,,Yes,59.00,,,,,,,,,,0,0,,,,,,,,,,,,,,,,,,,,,,,4030A538-0376-4D77-BF12-947BF230F00A
,iPad,,,,,,,,,Yes,99.00,,,,,,,,,,0,0,,,,,,,,,,,,,,,,,,,,,,,388C9287-A682-4024-98E6-B0D76B0246F0
,MacBook,,,,,,,,,Yes,99.00,,,,,,,,,,0,0,,,,,,,,,,,,,,,,,,,,,,,AD9CD853-8FE5-479E-9B26-C51B1B8EE026
iPad 10th Gen (2022),,,,,,,,,,,,No,No,,20.00,No,,,each.each,No,,,,,,,iPad,Yes,Light red,,,,,,,,Yes,iPad 10th Gen (2022),,,No,,,5140c111-10cd-4a80-8e9d-684477282d7b,
,Diagnostic,,,,,,,,,Yes,49.00,,,,,,,,,,0,0,,,,,,,,,,,,,,,,,,,,,,,c009e154-8e05-4fcd-87bb-4992494dcf7f
,Original LCD Display,,,,,,,,,Yes,199.00,,,,,,,,,,0,0,,,,,,,,,,,,,,,,,,,,,,,8a66f2b5-7be3-4be4-aa56-7e9b9089b137
,Glass Screen,,,,,,,,,Yes,149.00,,,,,,,,,,0,0,,,,,,,,,,,,,,,,,,,,,,,b94b7894-53d5-4dff-8258-1e7c005d397e
,Battery,,,,,,,,,Yes,149.00,,,,,,,,,,0,0,,,,,,,,,,,,,,,,,,,,,,,b5480d25-a3da-4857-b0a9-57cd195f7cb8
,Charging Port,,,,,,,,,Yes,99.00,,,,,,,,,,0,0,,,,,,,,,,,,,,,,,,,,,,,9df6fefc-d5e8-459d-b8bf-e7b920d1ae2a
iPad 4th Gen A1458 / A1459 (2012),,,,,,,,,,,,No,No,,20.00,No,,,each.each,No,,,,,,,iPad,Yes,Light red,,,,,,,,Yes,iPad 4th Gen A1458 / A1459 (2012),,,No,,,952170a9-9509-49ac-afe1-8933e10a1842,
,Diagnostic,,,,,,,,,Yes,49.00,,,,,,,,,,0,0,,,,,,,,,,,,,,,,,,,,,,,f64ef5a4-23d1-4172-8a9c-452a9c43770a
,Original LCD Display,,,,,,,,,Yes,99.00,,,,,,,,,,0,0,,,,,,,,,,,,,,,,,,,,,,,9ff8b92a-e581-4cc9-b118-3ba18bc88c4b
,Battery,,,,,,,,,Yes,139.00,,,,,,,,,,0,0,,,,,,,,,,,,,,,,,,,,,,,890b5bc8-80d5-4d8f-b924-974a278c1f89
,Charging Port,,,,,,,,,Yes,69.00,,,,,,,,,,0,0,,,,,,,,,,,,,,,,,,,,,,,494addb8-2d38-4ed7-8851-7419fef2caf6
iPad 5th Gen A1822 / A1823 (2017),,,,,,,,,,,,No,No,,20.00,No,,,each.each,No,,,,,,,iPad,Yes,Light red,,,,,,,,Yes,iPad 5th Gen A1822 / A1823 (2017),,,No,,,7313054b-8fa5-4520-9274-2b7dae970b2a,
,Diagnostic,,,,,,,,,Yes,49.00,,,,,,,,,,0,0,,,,,,,,,,,,,,,,,,,,,,,9d98b48e-896c-41a6-b86a-1cef373be3f6
,Original LCD Display,,,,,,,,,Yes,99.00,,,,,,,,,,0,0,,,,,,,,,,,,,,,,,,,,,,,365230e3-c3a2-452a-b026-b570a0dc77e4
,Glass Screen,,,,,,,,,Yes,99.00,,,,,,,,,,0,0,,,,,,,,,,,,,,,,,,,,,,,aebae937-f8bf-4e96-852f-4f2690c208ab
,Battery,,,,,,,,,Yes,139.00,,,,,,,,,,0,0,,,,,,,,,,,,,,,,,,,,,,,359fbc51-7966-4f52-96df-fe115874b641
,Charging Port,,,,,,,,,Yes,79.00,,,,,,,,,,0,0,,,,,,,,,,,,,,,,,,,,,,,fbe3b052-5b29-4299-9020-4e7247eb8a8a
,ERROR 4013,,,,,,,,,Yes,180.00,,,,,,,,,,0,0,,,,,,,,,,,,,,,,,,,,,,,3c1a94be-8842-41af-bdeb-b0a494f5f714
iPad 6th Gen (2018),,,,,,,,,,,,No,No,,20.00,No,,,each.each,No,,,,,,,iPad,Yes,Light red,,,,,,,,Yes,iPad 6th Gen (2018),,,No,,,6787eaba-a82f-47d0-8e66-21531a979afb,
,Diagnostic,,,,,,,,,Yes,49.00,,,,,,,,,,0,0,,,,,,,,,,,,,,,,,,,,,,,46cf332c-76bc-47d0-811c-1e31909485c8
,Original LCD Display,,,,,,,,,Yes,109.00,,,,,,,,,,0,0,,,,,,,,,,,,,,,,,,,,,,,5b37b326-a979-4650-ac09-42a9244b81ed
,Glass Screen,,,,,,,,,Yes,99.00,,,,,,,,,,0,0,,,,,,,,,,,,,,,,,,,,,,,bfa2a4a8-a827-4400-b89e-ba173535ed85
,Battery,,,,,,,,,Yes,139.00,,,,,,,,,,0,0,,,,,,,,,,,,,,,,,,,,,,,8fdcb0db-b0bd-4fef-b2a1-839b7daa0bba
,Charging Port,,,,,,,,,Yes,79.00,,,,,,,,,,0,0,,,,,,,,,,,,,,,,,,,,,,,e73c6db9-fa30-49ac-b965-be24ad365cec
,ERROR 4013,,,,,,,,,Yes,180.00,,,,,,,,,,0,0,,,,,,,,,,,,,,,,,,,,,,,1b2f9992-094c-41a6-acb7-a344839d5eae
iPad 7th Gen (2019),,,,,,,,,,,,No,No,,20.00,No,,,each.each,No,,,,,,,iPad,Yes,Light red,,,,,,,,Yes,iPad 7th Gen (2019),,,No,,,32fa5aeb-c3c5-4ed1-88c5-b611cd41d33c,
,Diagnostic,,,,,,,,,Yes,49.00,,,,,,,,,,0,0,,,,,,,,,,,,,,,,,,,,,,,16021308-5150-49df-890a-4f5105d463e6
,Original LCD Display,,,,,,,,,Yes,149.00,,,,,,,,,,0,0,,,,,,,,,,,,,,,,,,,,,,,c8369175-c984-4e29-a202-5ef80aa73a1d
,Glass Screen,,,,,,,,,Yes,99.00,,,,,,,,,,0,0,,,,,,,,,,,,,,,,,,,,,,,48e339e8-d69b-440b-a6c6-54d6d2724708
,Battery,,,,,,,,,Yes,139.00,,,,,,,,,,0,0,,,,,,,,,,,,,,,,,,,,,,,edd34082-d777-4b9b-93a0-25bfc7bb2992
,Charging Port,,,,,,,,,Yes,79.00,,,,,,,,,,0,0,,,,,,,,,,,,,,,,,,,,,,,fb14a47e-eab9-4fbd-9bd9-2a89a2c165b8
,ERROR 4013,,,,,,,,,Yes,180.00,,,,,,,,,,0,0,,,,,,,,,,,,,,,,,,,,,,,6e2b4658-56c6-448e-8477-d4d04a55bb04
iPad 8th Gen (2020),,,,,,,,,,,,No,No,,20.00,No,,,each.each,No,,,,,,,iPad,Yes,Light red,,,,,,,,Yes,iPad 8th Gen (2020),,,No,,,d64b3228-069e-4b01-8a3f-97742ae904f3,
,Diagnostic,,,,,,,,,Yes,49.00,,,,,,,,,,0,0,,,,,,,,,,,,,,,,,,,,,,,f053dc58-36dc-41f8-afe3-1787cacb668c
,Original LCD Display,,,,,,,,,Yes,149.00,,,,,,,,,,0,0,,,,,,,,,,,,,,,,,,,,,,,86230cc5-bcda-4f0f-b7f7-125b8a0fc171
,Glass Screen,,,,,,,,,Yes,119.00,,,,,,,,,,0,0,,,,,,,,,,,,,,,,,,,,,,,7f0874f4-74b4-4f98-a149-a01aa39dac9f
,Battery,,,,,,,,,Yes,139.00,,,,,,,,,,0,0,,,,,,,,,,,,,,,,,,,,,,,66245860-67a7-4669-8521-840cad4be648
,Charging Port,,,,,,,,,Yes,99.00,,,,,,,,,,0,0,,,,,,,,,,,,,,,,,,,,,,,9a959742-ee13-4efd-b00f-9bf94aded167
,ERROR 4013,,,,,,,,,Yes,180.00,,,,,,,,,,0,0,,,,,,,,,,,,,,,,,,,,,,,744baef9-7d62-4923-90d3-907392fa8e6f
iPad 9th Gen (2021),,,,,,,,,,,,No,No,,20.00,No,,,each.each,No,,,,,,,iPad,Yes,Light red,,,,,,,,Yes,iPad 9th Gen (2021),,,No,,,6e194fb7-2683-4bf6-b36e-c4e9b21c4d4b,
,Diagnostic,,,,,,,,,Yes,49.00,,,,,,,,,,0,0,,,,,,,,,,,,,,,,,,,,,,,8aed4a9c-8e21-47c1-a12d-af2dcfd00234
,Original LCD Display,,,,,,,,,Yes,149.00,,,,,,,,,,0,0,,,,,,,,,,,,,,,,,,,,,,,16797ccb-5a04-4363-9e59-145bfe2fc848
,Glass Screen,,,,,,,,,Yes,119.00,,,,,,,,,,0,0,,,,,,,,,,,,,,,,,,,,,,,8d90a7a4-a589-4ec2-8593-d533bf27cdf8
,Battery,,,,,,,,,Yes,139.00,,,,,,,,,,0,0,,,,,,,,,,,,,,,,,,,,,,,d107b495-0b9d-4227-9ea4-985292c19967
,Charging Port,,,,,,,,,Yes,99.00,,,,,,,,,,0,0,,,,,,,,,,,,,,,,,,,,,,,9a6e440f-23b7-4208-8e99-a29c0dd06ef4
"iPad Air 11"" 6th Gen M2 A2899 / A2902 (2024)",Diagnostic,,,,,,,,,Yes,49.00,No,No,,20.00,No,,,each.each,No,0,0,,,,,iPad,Yes,Light red,,,,,,,,Yes,"iPad Air 11"" 6th Gen M2 A2899 / A2902 (2024)",,,No,,,1ac00b8f-b301-426f-ad74-405d9317a9cf,18baa8ba-68a6-4677-ae0a-9f10db7840a9
"iPad Air 13"" 6th Gen M2 A2898 / A2903 (2024)",Diagnostic,,,,,,,,,Yes,49.00,No,No,,20.00,No,,,each.each,No,0,0,,,,,iPad,Yes,Light red,,,,,,,,Yes,"iPad Air 13"" 6th Gen M2 A2898 / A2903 (2024)",,,No,,,b2f11bd5-27b1-46e4-b155-c64428f1dff1,c0a19782-3b0e-4de0-8987-48bdf55d0aa6
iPad Air 3 (2019),,,,,,,,,,,,No,No,,20.00,No,,,each.each,No,,,,,,,iPad,Yes,Light red,,,,,,,,Yes,iPad Air 3 (2019),,,No,,,dd7d2990-8013-43f3-9ee6-befb4535800b,
,Diagnostic,,,,,,,,,Yes,49.00,,,,,,,,,,0,0,,,,,,,,,,,,,,,,,,,,,,,f1b705b7-ca4c-43ff-a431-2aca76caced9
,Original LCD Display,,,,,,,,,Yes,199.00,,,,,,,,,,0,0,,,,,,,,,,,,,,,,,,,,,,,a02578f9-0239-442d-b910-68ce32bf1113
,Battery,,,,,,,,,Yes,149.00,,,,,,,,,,0,0,,,,,,,,,,,,,,,,,,,,,,,95fba1ec-18d5-4ddb-a0b3-483217012a61
,Charging Port,,,,,,,,,Yes,79.00,,,,,,,,,,0,0,,,,,,,,,,,,,,,,,,,,,,,17a4499c-2047-4f61-b5dd-707adf0d2e82
iPad Air 4 (2020),,,,,,,,,,,,No,No,,20.00,No,,,each.each,No,,,,,,,iPad,Yes,Light red,,,,,,,,Yes,iPad Air 4 (2020),,,No,,,683c8a47-09d4-45e2-8f1a-22f95cb99aa9,
,Diagnostic,,,,,,,,,Yes,49.00,,,,,,,,,,0,0,,,,,,,,,,,,,,,,,,,,,,,728c372f-b215-4a89-a1ca-5e0b8b74526d
,Original LCD Display,,,,,,,,,Yes,249.00,,,,,,,,,,0,0,,,,,,,,,,,,,,,,,,,,,,,5db09d7e-9729-48b1-8219-302bd9082119
,Battery,,,,,,,,,Yes,149.00,,,,,,,,,,0,0,,,,,,,,,,,,,,,,,,,,,,,b126ee42-e7c1-41a6-aa21-69ba875d9a25
,Charging Port,,,,,,,,,Yes,149.00,,,,,,,,,,0,0,,,,,,,,,,,,,,,,,,,,,,,dedb7c5c-a102-40b0-a408-7c8237dd7d7d
iPad Air 5 M1 (2022),,,,,,,,,,,,No,No,,20.00,No,,,each.each,No,,,,,,,iPad,Yes,Light red,,,,,,,,Yes,iPad Air 5 M1 (2022),,,No,,,c0f69aad-d737-455d-a2cc-03b8b6bc6585,
,Diagnostic,,,,,,,,,Yes,49.00,,,,,,,,,,0,0,,,,,,,,,,,,,,,,,,,,,,,9b8ce203-479e-4a11-bcd8-e520a9c2433f
,Original LCD Display,,,,,,,,,Yes,249.00,,,,,,,,,,0,0,,,,,,,,,,,,,,,,,,,,,,,bf75f7c7-826a-4922-a133-17c97acfd39a
,Battery,,,,,,,,,Yes,149.00,,,,,,,,,,0,0,,,,,,,,,,,,,,,,,,,,,,,fe695a6b-8cb8-4cd2-8609-c7f88f54a54c
,Charging Port,,,,,,,,,Yes,149.00,,,,,,,,,,0,0,,,,,,,,,,,,,,,,,,,,,,,060c494d-b6d4-4d70-9458-ca5b58863e89
iPad Air A1474 / A1475 (2013),,,,,,,,,,,,No,No,,20.00,No,,,each.each,No,,,,,,,iPad,Yes,Light red,,,,,,,,Yes,iPad Air A1474 / A1475 (2013),,,No,,,a484692f-57e3-4668-91c0-68acf6f03cbd,
,Diagnostic,,,,,,,,,Yes,49.00,,,,,,,,,,0,0,,,,,,,,,,,,,,,,,,,,,,,6e89ebe2-2155-411d-b53f-56ded690d27b
,Original LCD Display,,,,,,,,,Yes,109.00,,,,,,,,,,0,0,,,,,,,,,,,,,,,,,,,,,,,ddef445d-9b24-4238-aea5-938b662ac0ad
,Glass Screen,,,,,,,,,Yes,89.00,,,,,,,,,,0,0,,,,,,,,,,,,,,,,,,,,,,,1c723311-3e3b-4455-9802-5f61705e47ab
,Battery,,,,,,,,,Yes,139.00,,,,,,,,,,0,0,,,,,,,,,,,,,,,,,,,,,,,128af09e-467f-4482-aef9-d9e8cb1ca2f2
,Charging Port,,,,,,,,,Yes,79.00,,,,,,,,,,0,0,,,,,,,,,,,,,,,,,,,,,,,26f482bb-d0d9-4ceb-9a5c-c6cc5a3aca3f
"iPad Pro 10.5"" A1701 / A1709 (2017)",,,,,,,,,,,,No,No,,20.00,No,,,each.each,No,,,,,,,iPad,Yes,Light red,,,,,,,,Yes,"iPad Pro 10.5"" A1701 / A1709 (2017)",,,No,,,9697c28e-9ce4-4410-a4b0-9f2f932d21ef,
,Diagnsotic,,,,,,,,,Yes,49.00,,,,,,,,,,0,0,,,,,,,,,,,,,,,,,,,,,,,05aa3f77-e827-4800-ac65-a73081d2e37f
,Original LCD Display,,,,,,,,,Yes,199.00,,,,,,,,,,0,0,,,,,,,,,,,,,,,,,,,,,,,6d49e288-ca65-46e6-9fe2-e4a982d9ddfe
,Battery,,,,,,,,,Yes,149.00,,,,,,,,,,0,0,,,,,,,,,,,,,,,,,,,,,,,5f91e253-2b21-41a2-afbd-56ec500003de
,Charging Port,,,,,,,,,Yes,99.00,,,,,,,,,,0,0,,,,,,,,,,,,,,,,,,,,,,,cdf2e3a2-78cf-4ac1-b155-66fe7b9ec409
iPad Pro 11 1st Gen (2019),,,,,,,,,,,,No,No,,20.00,No,,,each.each,No,,,,,,,iPad,Yes,Light red,,,,,,,,Yes,iPad Pro 11 1st Gen (2019),,,No,,,82e70bd2-e3c4-4fac-ac85-c365370dab20,
,Diagnostic,,,,,,,,,Yes,49.00,,,,,,,,,,0,0,,,,,,,,,,,,,,,,,,,,,,,3cb72d1f-c64e-487b-bdcb-c7c636836063
,Original LCD Display,,,,,,,,,Yes,249.00,,,,,,,,,,0,0,,,,,,,,,,,,,,,,,,,,,,,607bfaaa-db5d-4d90-8d9b-9da2c02d7da4
,Battery,,,,,,,,,Yes,149.00,,,,,,,,,,0,0,,,,,,,,,,,,,,,,,,,,,,,03845239-858e-4e8c-b503-cdc2cf94bee9
,Charging Port,,,,,,,,,Yes,149.00,,,,,,,,,,0,0,,,,,,,,,,,,,,,,,,,,,,,b1e161f7-fbb8-4175-849a-ad60e982cc88
iPad Pro 11 3rd Gen M1 (2021),,,,,,,,,,,,No,No,,20.00,No,,,each.each,No,,,,,,,iPad,Yes,Light red,,,,,,,,Yes,iPad Pro 11 3rd Gen M1 (2021),,,No,,,d5fba701-3e8e-41f0-ac84-64524c44f580,
,Diagnostic,,,,,,,,,Yes,49.00,,,,,,,,,,0,0,,,,,,,,,,,,,,,,,,,,,,,7139e1c3-bdbd-4675-809f-b32ce5a5d6a5
,Original LCD Display,,,,,,,,,Yes,299.00,,,,,,,,,,0,0,,,,,,,,,,,,,,,,,,,,,,,4250d15b-e695-47f6-ab4e-bb607edd3075
,Battery,,,,,,,,,Yes,159.00,,,,,,,,,,0,0,,,,,,,,,,,,,,,,,,,,,,,0427c0eb-9ef8-4d80-b063-330aceb5823a
,Charging Port,,,,,,,,,Yes,149.00,,,,,,,,,,0,0,,,,,,,,,,,,,,,,,,,,,,,a8cc5134-8934-41a0-b78a-119ea7e9d60d
iPad Pro 11 4th Gen M2 (2022),,,,,,,,,,,,No,No,,20.00,No,,,each.each,No,,,,,,,iPad,Yes,Light red,,,,,,,,Yes,iPad Pro 11 4th Gen M2 (2022),,,No,,,c2520674-bbdd-4a30-be21-86ea95efddac,
,Diagnostic,,,,,,,,,Yes,49.00,,,,,,,,,,0,0,,,,,,,,,,,,,,,,,,,,,,,e5854675-c9b3-40d5-843f-29da61026440
,Original LCD Display,,,,,,,,,Yes,349.00,,,,,,,,,,0,0,,,,,,,,,,,,,,,,,,,,,,,3da8802e-341e-4946-b604-a7afe9454556
,Battery,,,,,,,,,Yes,169.00,,,,,,,,,,0,0,,,,,,,,,,,,,,,,,,,,,,,b1e9fc43-605b-40f4-90f7-78c47521bef4
,Charging Port,,,,,,,,,Yes,149.00,,,,,,,,,,0,0,,,,,,,,,,,,,,,,,,,,,,,c14cb5ef-96e6-4bc3-9005-aa350d4a6763
iPad Pro 11 M1 (2020),,,,,,,,,,,,No,No,,20.00,No,,,each.each,No,,,,,,,iPad,Yes,Light red,,,,,,,,Yes,iPad Pro 11 M1 (2020),,,No,,,f568c1bf-adf9-4d33-864d-d5194d6b5931,
,Diagnostic,,,,,,,,,Yes,49.00,,,,,,,,,,0,0,,,,,,,,,,,,,,,,,,,,,,,deae64f1-e454-4e80-9c7a-7c58c876d7bc
,Original LCD Display,,,,,,,,,Yes,249.00,,,,,,,,,,0,0,,,,,,,,,,,,,,,,,,,,,,,9fff5cd1-75b6-4b1a-b443-4ed5a2b0006a
,Battery,,,,,,,,,Yes,159.00,,,,,,,,,,0,0,,,,,,,,,,,,,,,,,,,,,,,e8c6a259-498f-45f8-bc39-4b8e8979c0fd
,Charging Port,,,,,,,,,Yes,149.00,,,,,,,,,,0,0,,,,,,,,,,,,,,,,,,,,,,,cf8621b7-12ba-4e51-8630-aea8d8b00457
"iPad Pro 11"" 5th Gen M4 A2836 / A2837 (2024)",Diagnostic,,,,,,,,,Yes,49.00,No,No,,20.00,No,,,each.each,No,0,0,,,,,iPad,Yes,Light red,,,,,,,,Yes,"iPad Pro 11"" 5th Gen M4 A2836 / A2837 (2024)",,,No,,,82d82b11-828b-486d-8bd5-778b1ac80de5,9645abf9-60be-4f63-af7f-6430b073b0af
iPad Pro 12.9 (4G) Battery,,,,,,,,,,Yes,159.00,No,No,,0.00,No,,,each.each,No,0,0,,,,SN: DMPCP2T3NR72,Additional Services,Yes,Light red,,,,,,,,No,,,,No,,,a7775a84-2954-41e2-ba36-a4e17b976184,180ebb35-bc4f-4e69-8649-6ff6902b59f8
iPad Pro 12.9 3rd Gen (2018),,,,,,,,,,,,No,No,,20.00,No,,,each.each,No,,,,,,,iPad,Yes,Light red,,,,,,,,Yes,iPad Pro 12.9 3rd Gen (2018),,,No,,,7cea05a1-cb32-4e38-a27f-96861546f7b2,
,Diagnostic,,,,,,,,,Yes,49.00,,,,,,,,,,0,0,,,,,,,,,,,,,,,,,,,,,,,f0f3b009-4bb7-447d-b35c-82090cc4c452
,Original LCD Display,,,,,,,,,Yes,249.00,,,,,,,,,,0,0,,,,,,,,,,,,,,,,,,,,,,,c92df9c5-70a3-411c-b35e-040f4db3d4f7
,Battery,,,,,,,,,Yes,159.00,,,,,,,,,,0,0,,,,,,,,,,,,,,,,,,,,,,,3e9a1993-3aa3-4d86-b807-9ffd87c029a4
,Charging Port,,,,,,,,,Yes,149.00,,,,,,,,,,0,0,,,,,,,,,,,,,,,,,,,,,,,676cc197-457c-47dd-956d-0e828a86c92e
iPad Pro 12.9 5th Gen M1 (2021),,,,,,,,,,,,No,No,,20.00,No,,,each.each,No,,,,,,,iPad,Yes,Light red,,,,,,,,Yes,iPad Pro 12.9 5th Gen M1 (2021),,,No,,,f7dbc591-ef46-426c-a7c0-53c17a53c11e,
,Diagnostic,,,,,,,,,Yes,49.00,,,,,,,,,,0,0,,,,,,,,,,,,,,,,,,,,,,,a44f6f54-2d48-4c5d-b6e2-8b5183e12020
,Original LCD Display,,,,,,,,,Yes,399.00,,,,,,,,,,0,0,,,,,,,,,,,,,,,,,,,,,,,31f79fc3-8476-4ad9-85a3-215454786cb4
,Battery,,,,,,,,,Yes,199.00,,,,,,,,,,0,0,,,,,,,,,,,,,,,,,,,,,,,e65b3646-5aaf-46d0-87db-c56ceef406b2
,Charging Port,,,,,,,,,Yes,149.00,,,,,,,,,,0,0,,,,,,,,,,,,,,,,,,,,,,,591a0eb1-4ae6-4b4b-8253-7e352d5ef414
iPad Pro 12.9 6th Gen M2 (2022),,,,,,,,,,,,No,No,,20.00,No,,,each.each,No,,,,,,,iPad,Yes,Light red,,,,,,,,Yes,iPad Pro 12.9 6th Gen M2 (2022),,,No,,,cc7aa94e-1e51-465e-9dce-3c1cc4f6ed15,
,Diagnostic,,,,,,,,,Yes,49.00,,,,,,,,,,0,0,,,,,,,,,,,,,,,,,,,,,,,444663d8-5128-4570-8195-e922fb917304
,Original LCD Display,,,,,,,,,Yes,449.00,,,,,,,,,,0,0,,,,,,,,,,,,,,,,,,,,,,,845a0361-3fa2-4d37-afce-6b5fed3e6172
,Battery,,,,,,,,,Yes,199.00,,,,,,,,,,0,0,,,,,,,,,,,,,,,,,,,,,,,980d82d6-e412-42ce-bc66-f502c155765f
,Charging Port,,,,,,,,,Yes,149.00,,,,,,,,,,0,0,,,,,,,,,,,,,,,,,,,,,,,3c8df614-5772-44f4-99c7-ddf858ef5c5d
iPad Pro 12.9 M1 (2020),,,,,,,,,,,,No,No,,20.00,No,,,each.each,No,,,,,,,iPad,Yes,Light red,,,,,,,,Yes,iPad Pro 12.9 M1 (2020),,,No,,,307e32e7-9040-4b8e-b7c2-6e38a384883b,
,Diagnostic,,,,,,,,,Yes,49.00,,,,,,,,,,0,0,,,,,,,,,,,,,,,,,,,,,,,b4a76768-e994-40c8-afe7-dddc3e8fd25a
,Original LCD Display,,,,,,,,,Yes,249.00,,,,,,,,,,0,0,,,,,,,,,,,,,,,,,,,,,,,8a535bfd-c69b-466e-bcc6-8acdebbaaa64
,Battery,,,,,,,,,Yes,159.00,,,,,,,,,,0,0,,,,,,,,,,,,,,,,,,,,,,,27f6a324-429a-485c-83a7-1e2e065ff8a1
,Charging Port,,,,,,,,,Yes,149.00,,,,,,,,,,0,0,,,,,,,,,,,,,,,,,,,,,,,2b4849cc-5ed2-4862-a7b6-3974f909c4e7
"iPad Pro 12.9"" 1st Gen A1584 / A1652 (2015)",,,,,,,,,,,,No,No,,20.00,No,,,each.each,No,,,,,,,iPad,Yes,Light red,,,,,,,,Yes,"iPad Pro 12.9"" 1st Gen A1584 / A1652 (2015)",,,No,,,9b43ac62-b9f9-446f-a5d2-ea5558b875f4,
,Diagnostic,,,,,,,,,Yes,49.00,,,,,,,,,,0,0,,,,,,,,,,,,,,,,,,,,,,,ac589847-f480-495a-8560-352568289631
,Original LCD Display,,,,,,,,,Yes,349.00,,,,,,,,,,0,0,,,,,,,,,,,,,,,,,,,,,,,69195a9d-33d3-4705-ab26-524f3661a96b
,Battery,,,,,,,,,Yes,159.00,,,,,,,,,,0,0,,,,,,,,,,,,,,,,,,,,,,,beb6a9dc-23f4-452f-97a6-e80b682c6bbe
,Charging Port,,,,,,,,,Yes,149.00,,,,,,,,,,0,0,,,,,,,,,,,,,,,,,,,,,,,d74809a6-352f-4ee8-9929-2dc4a81e37f3
"iPad Pro 12.9"" 2nd Gen A1670 / A1671 (2017)",,,,,,,,,,,,No,No,,20.00,No,,,each.each,No,,,,,,,iPad,Yes,Light red,,,,,,,,Yes,"iPad Pro 12.9"" 2nd Gen A1670 / A1671 (2017)",,,No,,,958b7e7c-b3e8-4a75-9e46-9a6be87a7d6a,
,Diagnostic,,,,,,,,,Yes,49.00,,,,,,,,,,0,0,,,,,,,,,,,,,,,,,,,,,,,a7c6facd-6b9a-40c4-9ba4-64727a7e9c3a
,Original LCD Display,,,,,,,,,Yes,399.00,,,,,,,,,,0,0,,,,,,,,,,,,,,,,,,,,,,,5a0984af-3e27-416c-8ebd-c691988803e7
,Battery,,,,,,,,,Yes,179.00,,,,,,,,,,0,0,,,,,,,,,,,,,,,,,,,,,,,33225c63-5275-4f9b-89dc-de4de8969bda
,Charging Port,,,,,,,,,Yes,149.00,,,,,,,,,,0,0,,,,,,,,,,,,,,,,,,,,,,,11e6ac1c-7fca-4b9e-9ad1-a9aa667d49a8
"iPad Pro 13"" 7th Gen M4 A2925 / A2926 (2024)",Diagnostic,,,,,,,,,Yes,49.00,No,No,,20.00,No,,,each.each,No,0,0,,,,,iPad,Yes,Light red,,,,,,,,Yes,"iPad Pro 13"" 7th Gen M4 A2925 / A2926 (2024)",,,No,,,6c5f3e6e-cd66-4d10-a66f-e3e1cfc38b54,044ba416-d21d-41ea-b79b-e82c37f15d9d
"iPad Pro 9.7"" A1673 / A1674 / A1675 (2016)",,,,,,,,,,,,No,No,,20.00,No,,,each.each,No,,,,,,,iPad,Yes,Light red,,,,,,,,Yes,"iPad Pro 9.7"" A1673 / A1674 / A1675 (2016)",,,No,,,e0167385-af84-413f-9cbf-2824e0d1a051,
,Diagnostic,,,,,,,,,Yes,49.00,,,,,,,,,,0,0,,,,,,,,,,,,,,,,,,,,,,,a199ae74-60b4-42e8-9fc4-6af5b554ac67
,Original LCD Display,,,,,,,,,Yes,189.00,,,,,,,,,,0,0,,,,,,,,,,,,,,,,,,,,,,,75fa8466-a7d1-433e-a3f3-df716b1f1ae7
,Battery,,,,,,,,,Yes,149.00,,,,,,,,,,0,0,,,,,,,,,,,,,,,,,,,,,,,19e5db1e-14f9-4972-ab00-8fccc47f4fa3
,Charging Port,,,,,,,,,Yes,99.00,,,,,,,,,,0,0,,,,,,,,,,,,,,,,,,,,,,,cd6fba3c-9940-48c3-96a9-d757952fb17e
iPhone 11,,,,,,,,,,,,No,No,,20.00,No,,,each.each,No,,,,,,,iPhone,Yes,Light red,,,,,,,,Yes,iPhone 11,,,No,,,d54d2815-3a79-4aa7-bd4d-3bf7797ffe0a,
,Diagnostic (Data Recovery),,,,,,,,,Yes,49.00,,,,,,,,,,0,0,,,,,,,,,,,,,,,,,,,,,,,898e7a3c-e15f-4f5b-811d-9f103ee20ce9
,Screen,,,,,,,,,Yes,109.00,,,,,,,,,,0,0,,,,,,,,,,,,,,,,,,,,,,,6f35798b-811b-4de2-8c90-d5832892a8ff
,Rear Housing,,,,,,,,,Yes,139.00,,,,,,,,,,0,0,,,,,,,,,,,,,,,,,,,,,,,7308d715-0616-48f1-bd01-c5659d6be2ed
,Battery,,,,,,,,,Yes,89.00,,,,,,,,,,0,0,,,,,,,,,,,,,,,,,,,,,,,e6426ab0-cde5-437e-96bc-ad4eac6a154f
,Charging Port,,,,,,,,,Yes,69.00,,,,,,,,,,0,0,,,,,,,,,,,,,,,,,,,,,,,e9bacc26-4c23-414e-830d-9a948020a0a7
iPhone 11 Pro,,,,,,,,,,,,No,No,,20.00,No,,,each.each,No,,,,,,,iPhone,Yes,Light red,,,,,,,,Yes,iPhone 11 Pro,,,No,,,5e28d6cc-8fbe-46a8-a55b-8ebe773a6bdc,
,Screen,,,,,,,,,Yes,189.00,,,,,,,,,,0,0,,,,,,,,,,,,,,,,,,,,,,,211a68e7-c801-41a0-be3b-461e056ef35e
,Diagnostic (Data Recovery),,,,,,,,,Yes,49.00,,,,,,,,,,0,0,,,,,,,,,,,,,,,,,,,,,,,05878301-1128-426b-933f-5ad492638a41
,Battery,,,,,,,,,Yes,89.00,,,,,,,,,,0,0,,,,,,,,,,,,,,,,,,,,,,,6a3f3722-bc44-4d70-b8b5-a0d7f5efd136
,Rear Housing,,,,,,,,,Yes,139.00,,,,,,,,,,0,0,,,,,,,,,,,,,,,,,,,,,,,91d63346-9fb4-4800-8c21-59e86dc3b2bc
,Charging Port,,,,,,,,,Yes,69.00,,,,,,,,,,0,0,,,,,,,,,,,,,,,,,,,,,,,bc3c80f4-1bf3-42f6-a27a-8e4acb0169a4
iPhone 11 Pro Max,,,,,,,,,,,,No,No,,20.00,No,,,each.each,No,,,,,,,iPhone,Yes,Light red,,,,,,,,Yes,iPhone 11 Pro Max,,,No,,,0ae2696d-5ec6-418d-9428-8960bfa215a4,
,Diagnostic (Data Recovery),,,,,,,,,Yes,49.00,,,,,,,,,,0,0,,,,,,,,,,,,,,,,,,,,,,,7a867914-fd5b-4d67-a5ac-3b3fb924ebc8
,Screen,,,,,,,,,Yes,189.00,,,,,,,,,,0,0,,,,,,,,,,,,,,,,,,,,,,,7a4470d0-7a29-4175-a3f3-7938090b893d
,Rear Housing,,,,,,,,,Yes,139.00,,,,,,,,,,0,0,,,,,,,,,,,,,,,,,,,,,,,3a5c651d-c694-4927-9e70-5f56cfabae0f
,Battery,,,,,,,,,Yes,89.00,,,,,,,,,,0,0,,,,,,,,,,,,,,,,,,,,,,,a96ddc54-bf90-4302-9ec6-c04cf9b372e8
,Charging Port,,,,,,,,,Yes,69.00,,,,,,,,,,0,0,,,,,,,,,,,,,,,,,,,,,,,f60cc352-f20e-466f-b490-f55b37e547d1
iPhone 12,,,,,,,,,,,,No,No,,20.00,No,,,each.each,No,,,,,,,iPhone,Yes,Light red,,,,,,,,Yes,,,,No,,,138D6B7D-0BB8-43EA-B137-563174E35D9A,
,Diagnostic (Data Recovery),,,,,,,,,Yes,49.00,,,,,,,,,,0,0,,,,,,,,,,,,,,,,,,,,,,,74857B9F-5775-4781-A8E3-BA1FAE7060CF
,Genuine OLED Screen,,,,,,,,,Yes,199.00,,,,,,,,,,0,0,,,,,,,,,,,,,,,,,,,,,,,FC7633CE-E7EC-4F68-8D0C-6235F6C402DE
,Rear Housing (Genuine),,,,,,,,,Yes,179.00,,,,,,,,,,0,0,,,,,,,,,,,,,,,,,,,,,,,5BE378B7-FF89-45CD-9074-8B845CA23652
,Charging Port (Genuine),,,,,,,,,Yes,79.00,,,,,,,,,,0,0,,,,,,,,,,,,,,,,,,,,,,,02584B2D-0367-4B8E-A25E-E10ACDF10B0F
,Battery (Genuine),,,,,,,,,Yes,89.00,,,,,,,,,,0,0,,,,,,,,,,,,,,,,,,,,,,,AC9FEA37-B249-4DE2-BE43-ED7549A3F444
,Rear Camera (Genuine),,,,,,,,,Yes,119.00,,,,,,,,,,0,0,,,,,,,,,,,,,,,,,,,,,,,ECB6A98A-F701-4BCF-89AB-4DCEBA749C49
,Rear Camera Lens (Genuine),,,,,,,,,Yes,59.00,,,,,,,,,,0,0,,,,,,,,,,,,,,,,,,,,,,,600C9654-B01E-429C-B198-8AC35D566F19
,Earpiece Speaker,,,,,,,,,Yes,79.00,,,,,,,,,,0,0,,,,,,,,,,,,,,,,,,,,,,,73A09A40-4056-4AA5-B2EF-85B55DFAF85C
,Face ID (Including TrueDepth Error),,,,,,,,,Yes,179.00,,,,,,,,,,0,0,,,,,,,,,,,,,,,,,,,,,,,C7D18721-B9B6-42E5-9518-D75F38C3CC1F
,Front Camera (Genuine),,,,,,,,,Yes,249.00,,,,,,,,,,0,0,,,,,,,,,,,,,,,,,,,,,,,5CCFF08B-C17F-4FA2-8E43-59867504FB66
,Loudspeaker (Genuine),,,,,,,,,Yes,59.00,,,,,,,,,,0,0,,,,,,,,,,,,,,,,,,,,,,,3E8BE7F4-DF69-4F0A-B9FB-C2D47185B090
,Microphone (Genuine),,,,,,,,,Yes,79.00,,,,,,,,,,0,0,,,,,,,,,,,,,,,,,,,,,,,7CB0DFA3-F09A-4EE2-9B68-FB51BA57B6B2
,Power Button (Genuine),,,,,,,,,Yes,79.00,,,,,,,,,,0,0,,,,,,,,,,,,,,,,,,,,,,,AD0A5B51-1963-4879-9D71-55501485466A
,Volume Button (Genuine),,,,,,,,,Yes,79.00,,,,,,,,,,0,0,,,,,,,,,,,,,,,,,,,,,,,39C0C449-F370-4C26-882C-39E5AB6ED963
,Mute Button (Genuine),,,,,,,,,Yes,79.00,,,,,,,,,,0,0,,,,,,,,,,,,,,,,,,,,,,,B7600904-85E7-4931-9499-D120CF13B2DD
iPhone 12 Mini,,,,,,,,,,,,No,No,,20.00,No,,,each.each,No,,,,,,,iPhone,Yes,Light red,,,,,,,,Yes,,,,No,,,6836CBD0-F65F-497E-B94C-862B6F10D8E4,
,Diagnostic (Data Recovery),,,,,,,,,Yes,49.00,,,,,,,,,,0,0,,,,,,,,,,,,,,,,,,,,,,,98026EE5-4BE7-457E-BF00-1FB4973DB6A6
,Genuine OLED Screen,,,,,,,,,Yes,199.00,,,,,,,,,,0,0,,,,,,,,,,,,,,,,,,,,,,,A620F1C1-4469-410E-AE04-F2703D4D6FBB
,Rear Housing (Genuine),,,,,,,,,Yes,179.00,,,,,,,,,,0,0,,,,,,,,,,,,,,,,,,,,,,,22147E2E-DFB1-46CD-9AC5-8078BBEA7A91
,Charging Port (Genuine),,,,,,,,,Yes,79.00,,,,,,,,,,0,0,,,,,,,,,,,,,,,,,,,,,,,1B5CBDA7-A674-4B9E-9877-78B32A48E5A6
,Battery (Genuine),,,,,,,,,Yes,89.00,,,,,,,,,,0,0,,,,,,,,,,,,,,,,,,,,,,,E61ABDC6-315B-4F14-BD56-0A258A82F108
,Rear Camera (Genuine),,,,,,,,,Yes,119.00,,,,,,,,,,0,0,,,,,,,,,,,,,,,,,,,,,,,2C5A0D86-3275-4BAC-A5F2-3E79EC9CF670
,Rear Camera Lens (Genuine),,,,,,,,,Yes,59.00,,,,,,,,,,0,0,,,,,,,,,,,,,,,,,,,,,,,1E8BFADE-24DB-476B-A339-860CF2BE549D
,Earpiece Speaker (Genuine),,,,,,,,,Yes,79.00,,,,,,,,,,0,0,,,,,,,,,,,,,,,,,,,,,,,8E11220F-A4CE-4FA0-BC18-142A95497150
,Face ID (Including TrueDepth Error),,,,,,,,,Yes,179.00,,,,,,,,,,0,0,,,,,,,,,,,,,,,,,,,,,,,42A51961-4E73-4CA3-BCFC-B6B97FCE7D10
,Front Camera (Genuine),,,,,,,,,Yes,249.00,,,,,,,,,,0,0,,,,,,,,,,,,,,,,,,,,,,,64F5DE35-46B5-4CBB-9D9E-944A48DBC7DC
,Loudspeaker (Genuine),,,,,,,,,Yes,59.00,,,,,,,,,,0,0,,,,,,,,,,,,,,,,,,,,,,,778B75A7-8649-4C78-856B-0A084B0801F8
,Microphone (Genuine),,,,,,,,,Yes,79.00,,,,,,,,,,0,0,,,,,,,,,,,,,,,,,,,,,,,E6C79552-43F0-443F-AD6C-8D7645D13C65
,Power Button (Genuine),,,,,,,,,Yes,79.00,,,,,,,,,,0,0,,,,,,,,,,,,,,,,,,,,,,,D37D717A-D9BF-43B3-BCF2-D415D0691BA8
,Volume Button (Genuine),,,,,,,,,Yes,79.00,,,,,,,,,,0,0,,,,,,,,,,,,,,,,,,,,,,,0D8736B8-DD8F-43CB-9BEF-74C717D8EBB6
,Mute Button (Genuine),,,,,,,,,Yes,79.00,,,,,,,,,,0,0,,,,,,,,,,,,,,,,,,,,,,,31C738EA-F78B-444A-92E8-0C6E1BD062A9
iPhone 12 Pro,,,,,,,,,,,,No,No,,20.00,No,,,each.each,No,,,,,,,iPhone,Yes,Light red,,,,,,,,Yes,,,,No,,,EF6C618E-E24C-4D49-BB1E-55B59DEF48A2,
,Diagnostic (Data Recovery),,,,,,,,,Yes,49.00,,,,,,,,,,0,0,,,,,,,,,,,,,,,,,,,,,,,FF27F397-4814-411E-A797-16716FFFEC02
,Genuine OLED Screen,,,,,,,,,Yes,199.00,,,,,,,,,,0,0,,,,,,,,,,,,,,,,,,,,,,,D53B376A-7C3A-4DC5-AE13-CDB1A2D19DEB
,Rear Housing (Genuine),,,,,,,,,Yes,189.00,,,,,,,,,,0,0,,,,,,,,,,,,,,,,,,,,,,,7606A5FD-FF90-4617-B436-65D9CCB292DC
,Charging Port (Genuine),,,,,,,,,Yes,79.00,,,,,,,,,,0,0,,,,,,,,,,,,,,,,,,,,,,,988EA432-A599-4F4E-9E62-C3B20661ABA3
,Battery (Genuine),,,,,,,,,Yes,89.00,,,,,,,,,,0,0,,,,,,,,,,,,,,,,,,,,,,,4F3DFA68-AA30-4A8D-B6FE-C3504A8A75E6
,Rear Camera (Genuine),,,,,,,,,Yes,129.00,,,,,,,,,,0,0,,,,,,,,,,,,,,,,,,,,,,,1CA6BFB9-429D-4D29-B170-E651488D9B8F
,Rear Camera Lens (Genuine),,,,,,,,,Yes,59.00,,,,,,,,,,0,0,,,,,,,,,,,,,,,,,,,,,,,6BDE69AC-2013-401B-83D1-F4BE50611611
,Earpiece Speaker (Genuine),,,,,,,,,Yes,79.00,,,,,,,,,,0,0,,,,,,,,,,,,,,,,,,,,,,,9F0C9527-FEBD-4415-9B8A-C0D37BFD604F
,Face ID (Including TrueDepth Error),,,,,,,,,Yes,179.00,,,,,,,,,,0,0,,,,,,,,,,,,,,,,,,,,,,,108D001C-6803-4948-AA97-66E2C77812E4
,Front Camera (Genuine),,,,,,,,,Yes,249.00,,,,,,,,,,0,0,,,,,,,,,,,,,,,,,,,,,,,797D91DF-DFB6-4E48-8C8F-B1B370220E8A
,Loudspeaker (Genuine),,,,,,,,,Yes,59.00,,,,,,,,,,0,0,,,,,,,,,,,,,,,,,,,,,,,75F5D7AF-221B-4FC1-8F3E-0E1F97C4FE50
,Microphone (Genuine),,,,,,,,,Yes,79.00,,,,,,,,,,0,0,,,,,,,,,,,,,,,,,,,,,,,9C0059D5-556B-4675-A8F4-6662232F23DD
,Power Button (Genuine),,,,,,,,,Yes,79.00,,,,,,,,,,0,0,,,,,,,,,,,,,,,,,,,,,,,543F1EF4-FDF2-480E-80CB-1BEE4232CB2A
,Volume Button (Genuine),,,,,,,,,Yes,80.00,,,,,,,,,,0,0,,,,,,,,,,,,,,,,,,,,,,,C981EE46-FE48-49BE-B744-4CF3F0BDDC8A
,Mute Button (Genuine),,,,,,,,,Yes,79.00,,,,,,,,,,0,0,,,,,,,,,,,,,,,,,,,,,,,91875D2F-4984-4285-BEB0-25FF7D15CE77
iPhone 12 Pro Max,,,,,,,,,,,,No,No,,20.00,No,,,each.each,No,,,,,,,iPhone,Yes,Light red,,,,,,,,Yes,,,,No,,,E9496BB3-F122-47C9-AAF7-F6981232E4A4,
,Diagnostic (Data Recovery),,,,,,,,,Yes,49.00,,,,,,,,,,0,0,,,,,,,,,,,,,,,,,,,,,,,3FF46117-94B6-42E8-B53B-103717C76B4E
,Genuine OLED Screen,,,,,,,,,Yes,229.00,,,,,,,,,,0,0,,,,,,,,,,,,,,,,,,,,,,,14B361FD-4FDB-4950-9E72-0AFC70793324
,Rear Housing (Genuine),,,,,,,,,Yes,189.00,,,,,,,,,,0,0,,,,,,,,,,,,,,,,,,,,,,,593E5EEB-DFCB-4C51-B7B2-B4BF6E7C5BC6
,Charging Port (Genuine),,,,,,,,,Yes,79.00,,,,,,,,,,0,0,,,,,,,,,,,,,,,,,,,,,,,181902F3-A3B0-4DA9-A0E8-FEADB1EB09AE
,Battery (Genuine),,,,,,,,,Yes,89.00,,,,,,,,,,0,0,,,,,,,,,,,,,,,,,,,,,,,6852B5EB-AFA7-4F42-86EF-CEE5C4DD3E6B
,Rear Camera (Genuine),,,,,,,,,Yes,129.00,,,,,,,,,,0,0,,,,,,,,,,,,,,,,,,,,,,,CBA37F47-76F9-4769-B271-C9D27D2657DD
,Rear Camera Lens (Genuine),,,,,,,,,Yes,59.00,,,,,,,,,,0,0,,,,,,,,,,,,,,,,,,,,,,,17A4EB8E-85D5-4CA6-9CC3-4BCA22F85A45
,Earpiece Speaker (Genuine),,,,,,,,,Yes,79.00,,,,,,,,,,0,0,,,,,,,,,,,,,,,,,,,,,,,361FC4F6-A471-431B-9CCD-713AE1D8DEE4
,Face ID (Including TrueDepth Error),,,,,,,,,Yes,179.00,,,,,,,,,,0,0,,,,,,,,,,,,,,,,,,,,,,,50CA6D33-D9E3-45EF-871C-890154D105B2
,Front Camera (Genuine),,,,,,,,,Yes,249.00,,,,,,,,,,0,0,,,,,,,,,,,,,,,,,,,,,,,13ECE490-5AC5-4039-BCFB-47FD3861E1B1
,Loudspeaker (Genuine),,,,,,,,,Yes,59.00,,,,,,,,,,0,0,,,,,,,,,,,,,,,,,,,,,,,491E6D64-7789-4488-A8A8-6E3CEB1533DB
,Microphone (Genuine),,,,,,,,,Yes,79.00,,,,,,,,,,0,0,,,,,,,,,,,,,,,,,,,,,,,666CC751-40A6-4ACD-A00F-90CEBB075025
,Power Button (Genuine),,,,,,,,,Yes,79.00,,,,,,,,,,0,0,,,,,,,,,,,,,,,,,,,,,,,2946A12F-CA9A-49C6-98D4-CC54F1988420
,Volume Button (Genuine),,,,,,,,,Yes,79.00,,,,,,,,,,0,0,,,,,,,,,,,,,,,,,,,,,,,5BA8F98F-3AC0-4CFA-8931-F80CDAFA3E85
,Mute Button (Genuine),,,,,,,,,Yes,79.00,,,,,,,,,,0,0,,,,,,,,,,,,,,,,,,,,,,,83A643FE-6FB6-432C-BE3E-1CF126C00B70
iPhone 13,,,,,,,,,,,,No,No,,20.00,No,,,each.each,No,,,,,,,iPhone,Yes,Light red,,,,,,,,Yes,,,,No,,,1B189514-B3A8-421D-9856-66B5D864A8AB,
,Diagnostic (Data Recovery),,,,,,,,,Yes,49.00,,,,,,,,,,0,0,,,,,,,,,,,,,,,,,,,,,,,44923AB2-830C-45B2-BEC5-1501CFC5E048
,Genuine OLED Screen,,,,,,,,,Yes,239.00,,,,,,,,,,0,0,,,,,,,,,,,,,,,,,,,,,,,E33C3FA7-9517-446D-B472-5148482493D6
,Rear Housing (Genuine),,,,,,,,,Yes,189.00,,,,,,,,,,0,0,,,,,,,,,,,,,,,,,,,,,,,418FF1D2-563A-43DC-B308-1C4FBCD87235
,Charging Port (Genuine),,,,,,,,,Yes,89.00,,,,,,,,,,0,0,,,,,,,,,,,,,,,,,,,,,,,EDA24D56-70D4-4155-B9B6-BBAAE09EF7FE
,Battery (Genuine),,,,,,,,,Yes,79.00,,,,,,,,,,0,0,,,,,,,,,,,,,,,,,,,,,,,D6275065-9383-458C-B37C-D48D4FA6686D
,Rear Camera (Genuine),,,,,,,,,Yes,119.00,,,,,,,,,,0,0,,,,,,,,,,,,,,,,,,,,,,,9D1F9A33-682D-4BA6-B39D-52DABFB20B1B
,Rear Camera Lens (Genuine),,,,,,,,,Yes,59.00,,,,,,,,,,0,0,,,,,,,,,,,,,,,,,,,,,,,E1991A90-784B-4EAF-A3CF-062F3C49728E
,Earpiece Speaker (Genuine),,,,,,,,,Yes,89.00,,,,,,,,,,0,0,,,,,,,,,,,,,,,,,,,,,,,6AAAD200-3450-402D-9707-380265B788AF
,Loudspeaker (Genuine),,,,,,,,,Yes,89.00,,,,,,,,,,0,0,,,,,,,,,,,,,,,,,,,,,,,6650DB45-209C-49CB-8415-0D56A586CF56
,Microphone (Genuine),,,,,,,,,Yes,89.00,,,,,,,,,,0,0,,,,,,,,,,,,,,,,,,,,,,,F921BA31-35DC-4EB6-BAF8-99B0C5CDC922
,Power Button,,,,,,,,,Yes,89.00,,,,,,,,,,0,0,,,,,,,,,,,,,,,,,,,,,,,7790C25C-0298-44DF-83E4-4644BD5C3ACD
,Volume Button (Genuine),,,,,,,,,Yes,89.00,,,,,,,,,,0,0,,,,,,,,,,,,,,,,,,,,,,,8D65DE6F-810E-4BDA-A8AB-A7BD9165DC6F
,Mute Button (Genuine),,,,,,,,,Yes,89.00,,,,,,,,,,0,0,,,,,,,,,,,,,,,,,,,,,,,7F4337A8-B49F-4CC9-93A5-7DD916EA6289
iPhone 13 Mini,,,,,,,,,,,,No,No,,20.00,No,,,each.each,No,,,,,,,iPhone,Yes,Light red,,,,,,,,Yes,,,,No,,,8E45629C-141E-4C73-8625-CE45C9E9494F,
,Diagnostic (Data Recovery),,,,,,,,,Yes,49.00,,,,,,,,,,0,0,,,,,,,,,,,,,,,,,,,,,,,D7A250A3-0923-417A-9022-E3DBC2826736
,Genuine OLED Screen,,,,,,,,,Yes,279.00,,,,,,,,,,0,0,,,,,,,,,,,,,,,,,,,,,,,397FA376-2E40-4C8F-BD85-F1855C618B88
,Rear Housing (Genuine),,,,,,,,,Yes,199.00,,,,,,,,,,0,0,,,,,,,,,,,,,,,,,,,,,,,F9B815A1-656F-4776-8979-04040E83CD73
,Charging Port (Genuine),,,,,,,,,Yes,89.00,,,,,,,,,,0,0,,,,,,,,,,,,,,,,,,,,,,,5BD59C10-D536-4FF0-95E4-6C5244F9D834
,Battery (Genuine),,,,,,,,,Yes,89.00,,,,,,,,,,0,0,,,,,,,,,,,,,,,,,,,,,,,BB657839-DD8F-46DD-AB65-22B1B31ECDF9
,Rear Camera (Genuine),,,,,,,,,Yes,119.00,,,,,,,,,,0,0,,,,,,,,,,,,,,,,,,,,,,,1C82406F-4161-4E32-AE93-CA9243539B28
,Rear Camera Lens (Genuine),,,,,,,,,Yes,89.00,,,,,,,,,,0,0,,,,,,,,,,,,,,,,,,,,,,,1729824A-7BDD-4109-B503-B45E7ABDF584
,Earpiece Speaker (Genuine),,,,,,,,,Yes,89.00,,,,,,,,,,0,0,,,,,,,,,,,,,,,,,,,,,,,6AE3D75D-4AAC-453C-BDCD-91E3D12687C3
,Loudspeaker (Genuine),,,,,,,,,Yes,89.00,,,,,,,,,,0,0,,,,,,,,,,,,,,,,,,,,,,,EFB1449A-B5BA-4D80-8E26-566721541E2B
,Microphone (Genuine),,,,,,,,,Yes,89.00,,,,,,,,,,0,0,,,,,,,,,,,,,,,,,,,,,,,3D0E834A-94BF-41E1-8A64-06C5E8AFBB96
,Power Button (Genuine),,,,,,,,,Yes,89.00,,,,,,,,,,0,0,,,,,,,,,,,,,,,,,,,,,,,BA40DB48-B5B8-41C2-B231-4F418A0A35E8
,Volume Button (Genuine),,,,,,,,,Yes,89.00,,,,,,,,,,0,0,,,,,,,,,,,,,,,,,,,,,,,A9B58606-3D79-4E42-9EDB-FF79BA2F5162
,Mute Button (Genuine),,,,,,,,,Yes,89.00,,,,,,,,,,0,0,,,,,,,,,,,,,,,,,,,,,,,FDB6CB78-04B6-4AC9-9921-0BD3335C3734
iPhone 13 Pro,,,,,,,,,,,,No,No,,20.00,No,,,each.each,No,,,,,,,iPhone,Yes,Light red,,,,,,,,Yes,iPhone 13 Pro,,,No,,,263a129d-08c7-45cc-8c3a-8e81ce98f6c7,
,Diagnostic (Data Recovery),,,,,,,,,Yes,49.00,,,,,,,,,,0,0,,,,,,,,,,,,,,,,,,,,,,,6076376e-0e25-41ee-99be-7f7d44263ee2
,Genuine OLED Screen,,,,,,,,,Yes,289.00,,,,,,,,,,0,0,,,,,,,,,,,,,,,,,,,,,,,f69430b7-85e1-4284-8816-c56f99eeacf8
,Rear Housing (Genuine),,,,,,,,,Yes,199.00,,,,,,,,,,0,0,,,,,,,,,,,,,,,,,,,,,,,f2783813-a71a-4899-8c2a-0f7f1e3ecaea
,Charging Port (Genuine),,,,,,,,,Yes,89.00,,,,,,,,,,0,0,,,,,,,,,,,,,,,,,,,,,,,5c4f984c-65a3-46df-a1ec-893b978a3bfd
,Battery (Genuine),,,,,,,,,Yes,79.00,,,,,,,,,,0,0,,,,,,,,,,,,,,,,,,,,,,,a67f608d-4751-4649-a79e-ea057a68a490
,Rear Camera (Genuine),,,,,,,,,Yes,119.00,,,,,,,,,,0,0,,,,,,,,,,,,,,,,,,,,,,,5e00256a-b741-46e1-9ed7-2f6814439bcf
,Rear Camera Lens (Genuine),,,,,,,,,Yes,89.00,,,,,,,,,,0,0,,,,,,,,,,,,,,,,,,,,,,,01f7ef91-d8f8-46a9-b328-7b198a4be512
,Earpiece Speaker (Genuine),,,,,,,,,Yes,89.00,,,,,,,,,,0,0,,,,,,,,,,,,,,,,,,,,,,,261a3864-3661-4800-8f7b-4659d101efeb
,Loudspeaker (Genuine),,,,,,,,,Yes,89.00,,,,,,,,,,0,0,,,,,,,,,,,,,,,,,,,,,,,5bd6034f-7ea0-459a-8fcd-742a80ff03bf
,Microphone (Genuine),,,,,,,,,Yes,89.00,,,,,,,,,,0,0,,,,,,,,,,,,,,,,,,,,,,,048ad174-febe-4c0e-baad-08d7c1a6de7a
,Power Button (Genuine),,,,,,,,,Yes,89.00,,,,,,,,,,0,0,,,,,,,,,,,,,,,,,,,,,,,d7103d17-5f33-4aa5-86e8-117a04a55be9
,Volume Button (Genuine),,,,,,,,,Yes,89.00,,,,,,,,,,0,0,,,,,,,,,,,,,,,,,,,,,,,df3c3bff-a33e-4156-ae99-e42b91c786c9
,Mute Button (Genuine),,,,,,,,,Yes,89.00,,,,,,,,,,0,0,,,,,,,,,,,,,,,,,,,,,,,5d3ae5a2-3a81-440c-bbaa-8ae932ab1f69
iPhone 13 Pro Max,,,,,,,,,,,,No,No,,20.00,No,,,each.each,No,,,,,,,iPhone,Yes,Light red,,,,,,,,Yes,iPhone 13 Pro Max,,,No,,,7417c8e6-5ad3-4bac-98ec-4d378c3220bc,
,Diagnostic (Data Recovery),,,,,,,,,Yes,49.00,,,,,,,,,,0,0,,,,,,,,,,,,,,,,,,,,,,,e7995324-bbf0-43a0-b3cd-fac335ea8f96
,Genuine OLED Screen,,,,,,,,,Yes,299.00,,,,,,,,,,0,0,,,,,,,,,,,,,,,,,,,,,,,ef5be6e3-a734-45c9-bd4d-5059ab084440
,Rear Housing (Genuine),,,,,,,,,Yes,199.00,,,,,,,,,,0,0,,,,,,,,,,,,,,,,,,,,,,,ac0f46f0-acbd-4c7c-997a-30f510a9770a
,Charging Port (Genuine),,,,,,,,,Yes,89.00,,,,,,,,,,0,0,,,,,,,,,,,,,,,,,,,,,,,8849d3ef-c1d8-42b4-b92e-51968fc7d48b
,Battery (Genuine),,,,,,,,,Yes,79.00,,,,,,,,,,0,0,,,,,,,,,,,,,,,,,,,,,,,1e39754a-7b9e-4857-aadd-e7d71714d9d6
,Rear Camera (Genuine),,,,,,,,,Yes,119.00,,,,,,,,,,0,0,,,,,,,,,,,,,,,,,,,,,,,d5b8ddd2-5020-45a5-ac73-1d1853186975
,Rear Camera Lens (Genuine),,,,,,,,,Yes,89.00,,,,,,,,,,0,0,,,,,,,,,,,,,,,,,,,,,,,8543ba64-a9c8-439c-af70-36a7b3898b6f
,Earpiece Speaker (Genuine),,,,,,,,,Yes,89.00,,,,,,,,,,0,0,,,,,,,,,,,,,,,,,,,,,,,f35f1024-4e75-4606-96dc-615ed8c5dc41
,Loudspeaker (Genuine),,,,,,,,,Yes,89.00,,,,,,,,,,0,0,,,,,,,,,,,,,,,,,,,,,,,34b60529-9d14-4d66-bfee-1b8bf829fddc
,Microphone (Genuine),,,,,,,,,Yes,89.00,,,,,,,,,,0,0,,,,,,,,,,,,,,,,,,,,,,,32ba5306-086a-46e1-9301-0d4a9e562727
,Power Button (Genuine),,,,,,,,,Yes,89.00,,,,,,,,,,0,0,,,,,,,,,,,,,,,,,,,,,,,82a47113-556b-4135-8270-8e445e426a90
,Volume Button (Genuine),,,,,,,,,Yes,89.00,,,,,,,,,,0,0,,,,,,,,,,,,,,,,,,,,,,,9d98a6dc-1fa8-488a-a1a5-cbd2d231cef6
,Mute Button (Genuine),,,,,,,,,Yes,89.00,,,,,,,,,,0,0,,,,,,,,,,,,,,,,,,,,,,,80507bd1-40c0-432c-9a8a-b642ed255022
iPhone 14,,,,,,,,,,,,No,No,,20.00,No,,,each.each,No,,,,,,,iPhone,Yes,Light red,,,,,,,,Yes,iPhone 14,,,No,,,81fdea4e-cee5-4c6f-810a-7d6742fb5eb0,
,Diagnostic (Data Recovery),,,,,,,,,Yes,49.00,,,,,,,,,,0,0,,,,,,,,,,,,,,,,,,,,,,,37706d6b-408a-42cf-9624-9a8b94be0cc5
,Genuine OLED Screen,,,,,,,,,Yes,239.00,,,,,,,,,,0,0,,,,,,,,,,,,,,,,,,,,,,,04b19829-48ff-4fec-a709-f2450ccb8974
,Housing (Genuine),,,,,,,,,Yes,239.00,,,,,,,,,,0,0,,,,,,,,,,,,,,,,,,,,,,,50160d6d-f204-413d-a041-bed82b9366ef
,Rear Camera (Genuine),,,,,,,,,Yes,119.00,,,,,,,,,,0,0,,,,,,,,,,,,,,,,,,,,,,,c5736f56-4022-43a6-ba1c-d02f8c0ebe6a
,Rear Camera Lens (Genuine),,,,,,,,,Yes,79.00,,,,,,,,,,0,0,,,,,,,,,,,,,,,,,,,,,,,7f1f2216-9d99-4421-b320-153cb7eeb972
,Charging Port (Genuine),,,,,,,,,Yes,89.00,,,,,,,,,,0,0,,,,,,,,,,,,,,,,,,,,,,,9cd39965-acc6-4793-a2f4-d2ee2c8a23b0
,Battery (Genuine),,,,,,,,,Yes,79.00,,,,,,,,,,0,0,,,,,,,,,,,,,,,,,,,,,,,e84e252c-b294-442f-9e9e-c92a86b06558
,Earpiece Speaker (Genuine),,,,,,,,,Yes,99.00,,,,,,,,,,0,0,,,,,,,,,,,,,,,,,,,,,,,d079a92a-e510-4e9a-8b67-faec96c30bfd
,Loudspeaker (Genuine),,,,,,,,,Yes,99.00,,,,,,,,,,0,0,,,,,,,,,,,,,,,,,,,,,,,653977ba-0dc4-4a7d-b1ed-5983a099dbc0
,Microphone (Genuine),,,,,,,,,Yes,99.00,,,,,,,,,,0,0,,,,,,,,,,,,,,,,,,,,,,,6470ea6e-0827-4577-968e-212eab3aa794
,Power Button (Genuine),,,,,,,,,Yes,99.00,,,,,,,,,,0,0,,,,,,,,,,,,,,,,,,,,,,,73aba831-ffc4-495d-b4ea-8babddebe5f7
,Volume Button (Genuine),,,,,,,,,Yes,99.00,,,,,,,,,,0,0,,,,,,,,,,,,,,,,,,,,,,,6ec966a5-4327-4f8c-861f-89744c82698f
,Mute Button (Genuine),,,,,,,,,Yes,99.00,,,,,,,,,,0,0,,,,,,,,,,,,,,,,,,,,,,,8ec93f40-19e5-4915-9431-a94db4021406
iPhone 14 Plus,,,,,,,,,,,,No,No,,20.00,No,,,each.each,No,,,,,,,iPhone,Yes,Light red,,,,,,,,Yes,iPhone 14 Plus,,,No,,,b682276a-29f4-4f15-a7bf-cd8badb7c80a,
,Diagnostic (Data Recovery),,,,,,,,,Yes,49.00,,,,,,,,,,0,0,,,,,,,,,,,,,,,,,,,,,,,b914a44b-afb1-42cd-b374-0d007d4fdbac
,Genuine OLED Screen,,,,,,,,,Yes,249.00,,,,,,,,,,0,0,,,,,,,,,,,,,,,,,,,,,,,96d442ed-d8ca-47c9-a7ce-818d76ca5f00
,Housing (Genuine),,,,,,,,,Yes,249.00,,,,,,,,,,0,0,,,,,,,,,,,,,,,,,,,,,,,edf012e3-b2a0-45ef-95d0-79b8797c60e1
,Rear Glass (Genuine),,,,,,,,,Yes,249.00,,,,,,,,,,0,0,,,,,,,,,,,,,,,,,,,,,,,340e786b-422f-4425-a43e-137d644db1c2
,Charging Port (Genuine),,,,,,,,,Yes,89.00,,,,,,,,,,0,0,,,,,,,,,,,,,,,,,,,,,,,b458a248-ce83-41b7-8615-8d0612bf9551
,Battery (Genuine),,,,,,,,,Yes,79.00,,,,,,,,,,0,0,,,,,,,,,,,,,,,,,,,,,,,9e9c2730-c80e-4272-8c35-7a9f286cee66
,Rear Camera (Genuine),,,,,,,,,Yes,119.00,,,,,,,,,,0,0,,,,,,,,,,,,,,,,,,,,,,,5e1e3824-4a10-498b-94cf-754deb070422
,Rear Camera Lens (Genuine),,,,,,,,,Yes,79.00,,,,,,,,,,0,0,,,,,,,,,,,,,,,,,,,,,,,4078bb22-2444-441b-9eb6-c88945845614
,Earpiece Speaker (Genuine),,,,,,,,,Yes,99.00,,,,,,,,,,0,0,,,,,,,,,,,,,,,,,,,,,,,ab30e610-5e19-490c-912d-5e0d37808e91
,Front Camera (Genuine),,,,,,,,,Yes,249.00,,,,,,,,,,0,0,,,,,,,,,,,,,,,,,,,,,,,691571d7-a1ab-49f5-bfde-412054a3b8fb
,Loudspeaker (Genuine),,,,,,,,,Yes,99.00,,,,,,,,,,0,0,,,,,,,,,,,,,,,,,,,,,,,46669041-95df-4730-bc1d-4c13f25f2b9c
,Microphone (Genuine),,,,,,,,,Yes,99.00,,,,,,,,,,0,0,,,,,,,,,,,,,,,,,,,,,,,6fe297d1-2907-4bf1-8892-3550bd927c2a
,Power Button (Genuine),,,,,,,,,Yes,99.00,,,,,,,,,,0,0,,,,,,,,,,,,,,,,,,,,,,,78c25c95-33cb-4b6b-9dab-ddeda150830f
,Volume Button (Genuine),,,,,,,,,Yes,99.00,,,,,,,,,,0,0,,,,,,,,,,,,,,,,,,,,,,,50302a31-a2a9-48c9-8a1f-f4760eeddc06
,Mute Button (Genuine),,,,,,,,,Yes,99.00,,,,,,,,,,0,0,,,,,,,,,,,,,,,,,,,,,,,ca4e0ecc-37de-4aeb-8114-eb3ddec2ed82
iPhone 14 Pro,,,,,,,,,,,,No,No,,20.00,No,,,each.each,No,,,,,,,iPhone,Yes,Light red,,,,,,,,Yes,iPhone 14 Pro,,,No,,,7e8b05ec-0b27-4950-8c74-4e13b4d48368,
,Diagnostic (Data Recovery),,,,,,,,,Yes,49.00,,,,,,,,,,0,0,,,,,,,,,,,,,,,,,,,,,,,f1197c20-3c05-4ee0-9f7e-8a23947b1162
,Genuine OLED Screen,,,,,,,,,Yes,249.00,,,,,,,,,,0,0,,,,,,,,,,,,,,,,,,,,,,,a93b1dfc-7cad-4a62-92f6-d9c1de595708
,Rear Housing (Genuine),,,,,,,,,Yes,209.00,,,,,,,,,,0,0,,,,,,,,,,,,,,,,,,,,,,,ee4db20e-d49c-4e2b-be5f-86413ce0666e
,Charging Port (Genuine),,,,,,,,,Yes,89.00,,,,,,,,,,0,0,,,,,,,,,,,,,,,,,,,,,,,a82f42a0-cdea-4561-9d1a-f4e0f2a47761
,Battery (Genuine),,,,,,,,,Yes,79.00,,,,,,,,,,0,0,,,,,,,,,,,,,,,,,,,,,,,3dd1806e-720b-4550-881c-39ecfbf7fd23
,Rear Camera (Genuine),,,,,,,,,Yes,119.00,,,,,,,,,,0,0,,,,,,,,,,,,,,,,,,,,,,,3adf0fd7-c504-4707-9643-c21f5c63219d
,Rear Camera Lens (Genuine),,,,,,,,,Yes,99.00,,,,,,,,,,0,0,,,,,,,,,,,,,,,,,,,,,,,b8131166-3c92-455d-ab29-7309296bae37
,Earpiece Speaker (Genuine),,,,,,,,,Yes,99.00,,,,,,,,,,0,0,,,,,,,,,,,,,,,,,,,,,,,deebbfb7-15ff-4d7d-9f54-7130df5ced52
,Front Camera (Genuine),,,,,,,,,Yes,299.00,,,,,,,,,,0,0,,,,,,,,,,,,,,,,,,,,,,,461eeecc-1e9d-4e7c-950d-8e223cd21549
,Loudspeaker (Genuine),,,,,,,,,Yes,99.00,,,,,,,,,,0,0,,,,,,,,,,,,,,,,,,,,,,,3f5119e5-de3c-43da-b2c7-42d90b2cf177
,Microphone (Genuine),,,,,,,,,Yes,99.00,,,,,,,,,,0,0,,,,,,,,,,,,,,,,,,,,,,,dc3a2a80-b875-41fb-8f36-9b9073925a1f
,Power Button (Genuine),,,,,,,,,Yes,99.00,,,,,,,,,,0,0,,,,,,,,,,,,,,,,,,,,,,,29a0ad3b-f629-4efe-9921-fa9ed2cdf683
,Volume Button (Genuine),,,,,,,,,Yes,99.00,,,,,,,,,,0,0,,,,,,,,,,,,,,,,,,,,,,,17bda9d1-df86-47c4-8b96-a900fd26f124
,Mute Button (Genuine),,,,,,,,,Yes,99.00,,,,,,,,,,0,0,,,,,,,,,,,,,,,,,,,,,,,e32ecd5c-b97b-45d1-85e4-8c370f026d33
iPhone 14 Pro Max,,,,,,,,,,,,No,No,,20.00,No,,,each.each,No,,,,,,,iPhone,Yes,Light red,,,,,,,,Yes,iPhone 14 Pro Max,,,No,,,88467d9c-2e0e-49bc-9d45-16a25ee024dc,
,Diagnostic (Data Recovery),,,,,,,,,Yes,49.00,,,,,,,,,,0,0,,,,,,,,,,,,,,,,,,,,,,,4c176238-0ac3-4de6-ab2d-0751d17c9e12
,Genuine OLED Screen,,,,,,,,,Yes,299.00,,,,,,,,,,0,0,,,,,,,,,,,,,,,,,,,,,,,e9299353-9614-4876-b62b-1621626c560e
,Rear Housing (Genuine),,,,,,,,,Yes,209.00,,,,,,,,,,0,0,,,,,,,,,,,,,,,,,,,,,,,3ad756e8-7085-436b-8279-1fa6dc0dd8cd
,Charging Port (Genuine),,,,,,,,,Yes,89.00,,,,,,,,,,0,0,,,,,,,,,,,,,,,,,,,,,,,df41587a-ab86-45f7-9094-9d0882194737
,Battery (Genuine),,,,,,,,,Yes,89.00,,,,,,,,,,0,0,,,,,,,,,,,,,,,,,,,,,,,de85e427-47f6-453a-84f5-b3712e4f0f3f
,Rear Camera (Genuine),,,,,,,,,Yes,119.00,,,,,,,,,,0,0,,,,,,,,,,,,,,,,,,,,,,,eba0a6ab-13d9-447f-b372-f22ebf476b3c
,Rear Camera Lens (Genuine),,,,,,,,,Yes,99.00,,,,,,,,,,0,0,,,,,,,,,,,,,,,,,,,,,,,7f3597b0-f465-476e-bb9e-9d94b1bfd6e3
,Earpiece Speaker (Genuine),,,,,,,,,Yes,99.00,,,,,,,,,,0,0,,,,,,,,,,,,,,,,,,,,,,,f0b2ca16-6b24-402b-800f-6e723477cc25
,Front Camera (Genuine),,,,,,,,,Yes,249.00,,,,,,,,,,0,0,,,,,,,,,,,,,,,,,,,,,,,b78174b2-1e2d-491f-87cd-4d78221e65b9
,Loudspeaker (Genuine),,,,,,,,,Yes,59.00,,,,,,,,,,0,0,,,,,,,,,,,,,,,,,,,,,,,7aa37ab1-f9a4-4f61-9167-29c227ebd741
,Microphone (Genuine),,,,,,,,,Yes,99.00,,,,,,,,,,0,0,,,,,,,,,,,,,,,,,,,,,,,25d7508e-ba5d-4fbf-8e3a-113c80bdecab
,Power Button (Genuine),,,,,,,,,Yes,99.00,,,,,,,,,,0,0,,,,,,,,,,,,,,,,,,,,,,,b0464049-8224-4df2-98c6-4d14600afb7d
,Volume Button (Genuine),,,,,,,,,Yes,99.00,,,,,,,,,,0,0,,,,,,,,,,,,,,,,,,,,,,,aa53e17e-6fd3-4483-986d-0364c378d29e
,Mute Button (Genuine),,,,,,,,,Yes,99.00,,,,,,,,,,0,0,,,,,,,,,,,,,,,,,,,,,,,bfafae9e-c7b4-4f84-a1ce-948248c7b85c
iPhone 15,,,,,,,,,,,,No,No,,20.00,No,,,each.each,No,,,,,,,iPhone,Yes,Light red,,,,,,,,Yes,iPhone 15,,,No,,,3b430616-e019-43b8-983e-ea1399755067,
,Diagnostic (Data Recovery),,,,,,,,,Yes,49.00,,,,,,,,,,0,0,,,,,,,,,,,,,,,,,,,,,,,5a9c02fd-118f-44ad-9520-7943e4af841d
,Genuine OLED Screen,,,,,,,,,Yes,289.00,,,,,,,,,,0,0,,,,,,,,,,,,,,,,,,,,,,,f7ea6ade-aa79-4688-83af-86eda480e6dd
,Housing (Genuine),,,,,,,,,Yes,259.00,,,,,,,,,,0,0,,,,,,,,,,,,,,,,,,,,,,,8b4835fd-5642-432a-9b4f-92175682bac2
,Rear Glass (Genuine),,,,,,,,,Yes,259.00,,,,,,,,,,0,0,,,,,,,,,,,,,,,,,,,,,,,e5d21fd4-dc06-44de-b6de-d039337ed0ff
,Charging Port (Genuine),,,,,,,,,Yes,149.00,,,,,,,,,,0,0,,,,,,,,,,,,,,,,,,,,,,,9e8d05da-e86c-48ac-9165-3698199d1f08
,Rear Camera (Genuine),,,,,,,,,Yes,129.00,,,,,,,,,,0,0,,,,,,,,,,,,,,,,,,,,,,,8ed99946-94ed-4b25-a7ab-31da1de8f2e8
,Rear Camera Lens (Genuine),,,,,,,,,Yes,79.00,,,,,,,,,,0,0,,,,,,,,,,,,,,,,,,,,,,,c5741937-47c8-44a3-8471-67e064fb0c73
,Battery (Genuine),,,,,,,,,Yes,99.00,,,,,,,,,,0,0,,,,,,,,,,,,,,,,,,,,,,,45a3655c-6532-4d01-88e3-fed2a79e397f
,Earpiece Speaker (Genuine),,,,,,,,,Yes,99.00,,,,,,,,,,0,0,,,,,,,,,,,,,,,,,,,,,,,94094dd9-40e9-4b2a-a901-baabe3ff9eb7
,Loudspeaker (Genuine),,,,,,,,,Yes,129.00,,,,,,,,,,0,0,,,,,,,,,,,,,,,,,,,,,,,d16abbde-5b4d-4c18-adc1-133517bea092
,Microphone (Genuine),,,,,,,,,Yes,129.00,,,,,,,,,,0,0,,,,,,,,,,,,,,,,,,,,,,,11f438ed-b1d1-464c-9412-530b16f09f9f
,Power Button (Genuine),,,,,,,,,Yes,99.00,,,,,,,,,,0,0,,,,,,,,,,,,,,,,,,,,,,,231242db-9ac0-47c4-9946-a0e60907392d
,Volume Button (Genuine),,,,,,,,,Yes,99.00,,,,,,,,,,0,0,,,,,,,,,,,,,,,,,,,,,,,b6470f61-13ef-4a14-a021-d0974afc8764
iPhone 15 Plus,,,,,,,,,,,,No,No,,20.00,No,,,each.each,No,,,,,,,iPhone,Yes,Light red,,,,,,,,Yes,iPhone 15 Plus,,,No,,,b88ab8b7-943d-4ef2-ad16-d3419ea902df,
,Diagnostic (Data Recovery),,,,,,,,,Yes,49.00,,,,,,,,,,0,0,,,,,,,,,,,,,,,,,,,,,,,2698a288-b3bc-467e-9ed7-fbc44e58c1dd
,Genuine OLED Screen,,,,,,,,,Yes,289.00,,,,,,,,,,0,0,,,,,,,,,,,,,,,,,,,,,,,66e699c3-5355-4231-be2e-4e2321437a9e
,Charging Port (Genuine),,,,,,,,,Yes,149.00,,,,,,,,,,0,0,,,,,,,,,,,,,,,,,,,,,,,7fc210f9-2c1a-4d32-8c4b-f85864cd539e
,Battery (Genuine),,,,,,,,,Yes,99.00,,,,,,,,,,0,0,,,,,,,,,,,,,,,,,,,,,,,e87ccd58-ea6a-49ec-8832-60bfeca0267f
,Housing (Genuine),,,,,,,,,Yes,259.00,,,,,,,,,,0,0,,,,,,,,,,,,,,,,,,,,,,,16e707ee-ccdc-4ee7-a8f1-f4d63e1f0fed
,Rear Glass (Genuine),,,,,,,,,Yes,259.00,,,,,,,,,,0,0,,,,,,,,,,,,,,,,,,,,,,,e86342ce-0096-4543-877c-13fe1596b3ad
,Rear Camera (Genuine),,,,,,,,,Yes,129.00,,,,,,,,,,0,0,,,,,,,,,,,,,,,,,,,,,,,b1452ca5-b890-4d7f-b65e-3019dd898a86
,Rear Camera Lens (Genuine),,,,,,,,,Yes,79.00,,,,,,,,,,0,0,,,,,,,,,,,,,,,,,,,,,,,118f911f-ac2f-42bc-98e4-fa6a6d57d136
,Earpiece Speaker (Genuine),,,,,,,,,Yes,99.00,,,,,,,,,,0,0,,,,,,,,,,,,,,,,,,,,,,,a9df3391-45a1-40b6-9c65-dcb3f05e8b94
,Loudspeaker (Genuine),,,,,,,,,Yes,129.00,,,,,,,,,,0,0,,,,,,,,,,,,,,,,,,,,,,,feedcefb-5fa0-4955-9043-53b308725328
,Microphone (Genuine),,,,,,,,,Yes,129.00,,,,,,,,,,0,0,,,,,,,,,,,,,,,,,,,,,,,59353004-8b20-4169-b312-e2a6b8dbca2c
,Power Button (Genuine),,,,,,,,,Yes,99.00,,,,,,,,,,0,0,,,,,,,,,,,,,,,,,,,,,,,dfd04b8b-71f5-4e32-9d7a-10de525491ac
,Volume Button (Genuine),,,,,,,,,Yes,99.00,,,,,,,,,,0,0,,,,,,,,,,,,,,,,,,,,,,,f4437a93-c86f-4d7b-8317-abf4b41cf2ba
iPhone 15 Pro,,,,,,,,,,,,No,No,,20.00,No,,,each.each,No,,,,,,,iPhone,Yes,Light red,,,,,,,,Yes,iPhone 15 Pro,,,No,,,0c553e22-5e81-496a-a7a8-6f69a38c9586,
,Diagnostic (Data Recovery),,,,,,,,,Yes,49.00,,,,,,,,,,0,0,,,,,,,,,,,,,,,,,,,,,,,52fe2ae6-77f2-4667-934d-4f725374753b
,Genuine OLED Screen,,,,,,,,,Yes,339.00,,,,,,,,,,0,0,,,,,,,,,,,,,,,,,,,,,,,51f9baa3-fe7d-449e-805a-8fa61dfd5107
,Housing (Genuine),,,,,,,,,Yes,279.00,,,,,,,,,,0,0,,,,,,,,,,,,,,,,,,,,,,,d5650374-40ac-40f2-b1c5-1d96d802739e
,Rear Glass (Genuine),,,,,,,,,Yes,279.00,,,,,,,,,,0,0,,,,,,,,,,,,,,,,,,,,,,,4707b47d-64c0-48ea-8a09-955b50f48910
,Charging Port (Genuine),,,,,,,,,Yes,149.00,,,,,,,,,,0,0,,,,,,,,,,,,,,,,,,,,,,,bd2f15dc-3bfb-4697-897f-8739c6e7a470
,Rear Camera (Genuine),,,,,,,,,Yes,129.00,,,,,,,,,,0,0,,,,,,,,,,,,,,,,,,,,,,,156c28be-9357-41d0-a5dc-8da6bd57707e
,Rear Camera Lens (Genuine),,,,,,,,,Yes,79.00,,,,,,,,,,0,0,,,,,,,,,,,,,,,,,,,,,,,db7fcce5-5781-4bc8-b6ce-bc858f66c415
,Battery (Genuine),,,,,,,,,Yes,99.00,,,,,,,,,,0,0,,,,,,,,,,,,,,,,,,,,,,,f3215f24-9c26-4844-8d71-50f35f0342df
,Earpiece Speaker (Genuine),,,,,,,,,Yes,99.00,,,,,,,,,,0,0,,,,,,,,,,,,,,,,,,,,,,,2ccd6015-1b98-4740-a9da-01ed0f3efd85
,Loudspeaker (Genuine),,,,,,,,,Yes,129.00,,,,,,,,,,0,0,,,,,,,,,,,,,,,,,,,,,,,43bbc794-375c-4fa4-ad2c-1e17ae001d7f
,Microphone (Genuine),,,,,,,,,Yes,129.00,,,,,,,,,,0,0,,,,,,,,,,,,,,,,,,,,,,,5a5d88f8-3107-42f3-bf66-09d704e9933d
,Power Button (Genuine),,,,,,,,,Yes,99.00,,,,,,,,,,0,0,,,,,,,,,,,,,,,,,,,,,,,b8b10fc6-7371-487f-87c5-aceb91336bee
,Volume Button (Genuine),,,,,,,,,Yes,99.00,,,,,,,,,,0,0,,,,,,,,,,,,,,,,,,,,,,,f53e802f-c736-493e-b613-e68b80111ffe
iPhone 15 Pro Max,,,,,,,,,,,,No,No,,20.00,No,,,each.each,No,,,,,,,iPhone,Yes,Light red,,,,,,,,Yes,iPhone 15 Pro Max,,,No,,,d791c04d-cf5e-4280-9fb0-d441feb56635,
,Diagnostic (Data Recovery),,,,,,,,,Yes,49.00,,,,,,,,,,0,0,,,,,,,,,,,,,,,,,,,,,,,03d552c0-1237-4467-bbaf-7524a59e9e6a
,Genuine OLED Screen,,,,,,,,,Yes,359.00,,,,,,,,,,0,0,,,,,,,,,,,,,,,,,,,,,,,3dbdfa09-45dd-4015-962a-dafec74c9b33
,Housing (Genuine),,,,,,,,,Yes,279.00,,,,,,,,,,0,0,,,,,,,,,,,,,,,,,,,,,,,00e36c91-2a59-4e00-8b40-c862ae0e60eb
,Rear Glass (Genuine),,,,,,,,,Yes,279.00,,,,,,,,,,0,0,,,,,,,,,,,,,,,,,,,,,,,51c5aac0-e2c8-43c1-9cc6-cdde4363d42c
,Charging Port (Genuine),,,,,,,,,Yes,149.00,,,,,,,,,,0,0,,,,,,,,,,,,,,,,,,,,,,,7e6ee9ec-9052-4695-9b47-b819c1fa8ea4
,Rear Camera (Genuine),,,,,,,,,Yes,129.00,,,,,,,,,,0,0,,,,,,,,,,,,,,,,,,,,,,,44ce6179-228c-4b62-9d18-49cb4e56c690
,Rear Camera Lens (Genuine),,,,,,,,,Yes,79.00,,,,,,,,,,0,0,,,,,,,,,,,,,,,,,,,,,,,bd19f197-94a3-41fb-9930-8b807cd7adc7
,Battery (Genuine),,,,,,,,,Yes,99.00,,,,,,,,,,0,0,,,,,,,,,,,,,,,,,,,,,,,9793ec36-0516-4d7f-9fae-a41fc6c85db9
,Earpiece Speaker (Genuine),,,,,,,,,Yes,99.00,,,,,,,,,,0,0,,,,,,,,,,,,,,,,,,,,,,,554bc463-a0ce-494d-baf1-bfa1b485a115
,Loudspeaker (Genuine),,,,,,,,,Yes,129.00,,,,,,,,,,0,0,,,,,,,,,,,,,,,,,,,,,,,a1f00782-157b-4526-897a-912dad86b134
,Microphone (Genuine),,,,,,,,,Yes,129.00,,,,,,,,,,0,0,,,,,,,,,,,,,,,,,,,,,,,b968205d-befa-4b53-a636-9fe1f51d6ef8
,Power Button (Genuine),,,,,,,,,Yes,99.00,,,,,,,,,,0,0,,,,,,,,,,,,,,,,,,,,,,,8ba2640e-be37-4dbe-ab4d-045850d3f4c8
,Volume Button (Genuine),,,,,,,,,Yes,99.00,,,,,,,,,,0,0,,,,,,,,,,,,,,,,,,,,,,,5803bee9-2d6e-4aad-81be-5a89ed0e07ad
iPhone 16,,,,,,,,,,,,No,No,,20.00,No,,,each.each,No,,,,,,,Additional Services,Yes,Light red,,,,,,,,Yes,iPhone 16,,,No,,,63a32ffc-a20c-46ae-b212-55a2f1330df6,
,Diagnostic (Data Recovery),,,,,,,,,Yes,49.00,,,,,,,,,,0,0,,,,,,,,,,,,,,,,,,,,,,,1a8af710-4c23-4e18-b494-d5cfcf0d3ae8
,Screen (Genuine Apple),,,,,,,,,Yes,279.00,,,,,,,,,,0,0,,,,,,,,,,,,,,,,,,,,,,,90ac06e3-08fd-465b-b902-d57c7de09061
,Rear Glass (Genuine Apple),,,,,,,,,Yes,289.00,,,,,,,,,,0,0,,,,,,,,,,,,,,,,,,,,,,,1f49c2f2-896f-4f2f-9336-69d3068271eb
,Rear Housing (Genuine Apple),,,,,,,,,Yes,289.00,,,,,,,,,,0,0,,,,,,,,,,,,,,,,,,,,,,,cf969ebf-98d0-4585-9808-fbf3daf4302c
,Charging Port,,,,,,,,,Yes,179.00,,,,,,,,,,0,0,,,,,,,,,,,,,,,,,,,,,,,e6024531-dae6-41ef-9c35-d2e1d1bca8e4
,Rear Camera (Genuine Apple),,,,,,,,,Yes,179.00,,,,,,,,,,0,0,,,,,,,,,,,,,,,,,,,,,,,3f1f8dbc-453d-43a9-92cd-5c8fd6a60281
,Rear Camera Lens,,,,,,,,,Yes,99.00,,,,,,,,,,0,0,,,,,,,,,,,,,,,,,,,,,,,e0195a2b-5756-443d-8e65-8473ea5fce9c
,Earpiece Speaker,,,,,,,,,Yes,129.00,,,,,,,,,,0,0,,,,,,,,,,,,,,,,,,,,,,,d8cc00ae-9d60-40a3-85a9-4d164fe81857
,Front Camera,,,,,,,,,Yes,299.00,,,,,,,,,,0,0,,,,,,,,,,,,,,,,,,,,,,,075be8e0-67dd-4e95-be9c-a0bdad2603b6
,Loudspeaker,,,,,,,,,Yes,159.00,,,,,,,,,,0,0,,,,,,,,,,,,,,,,,,,,,,,6bcee72e-b869-4b5c-8d5c-b9a3cb097e27
,Microphone,,,,,,,,,Yes,159.00,,,,,,,,,,0,0,,,,,,,,,,,,,,,,,,,,,,,efa9b66d-5212-4e79-a649-ff30bbc06e96
,Power Button,,,,,,,,,Yes,159.00,,,,,,,,,,0,0,,,,,,,,,,,,,,,,,,,,,,,35e59396-5606-489a-bbc3-6f859a8eb41b
,Volume Button,,,,,,,,,Yes,159.00,,,,,,,,,,0,0,,,,,,,,,,,,,,,,,,,,,,,1fd611e0-467c-42fa-a066-68e87715dda1
,Battery (Genuine Apple),,,,,,,,,Yes,119.00,,,,,,,,,,0,0,,,,,,,,,,,,,,,,,,,,,,,2c6370c4-942c-4170-aef2-62c7c7e58507
iPhone 16 Plus,,,,,,,,,,,,No,No,,20.00,No,,,each.each,No,,,,,,,Additional Services,Yes,Light red,,,,,,,,Yes,iPhone 16 Plus,,,No,,,d03297f6-fd2a-4b3d-b7a0-24989f9c2632,
,Diagnostic (Data Recovery),,,,,,,,,Yes,49.00,,,,,,,,,,0,0,,,,,,,,,,,,,,,,,,,,,,,3da4521f-e30e-44cc-b183-c6dfe826e728
,Screen (Genuine Apple),,,,,,,,,Yes,299.00,,,,,,,,,,0,0,,,,,,,,,,,,,,,,,,,,,,,9781937a-0ee7-44da-b70b-f3ea854d194f
,Rear Glass (Genuine Apple),,,,,,,,,Yes,199.00,,,,,,,,,,0,0,,,,,,,,,,,,,,,,,,,,,,,676162a7-cd42-497d-a1ce-b66007b3154a
,Rear Housing (Genuine Apple),,,,,,,,,Yes,199.00,,,,,,,,,,0,0,,,,,,,,,,,,,,,,,,,,,,,c5b25308-4dc1-40e7-ab57-f974e5470931
,Charging Port,,,,,,,,,Yes,179.00,,,,,,,,,,0,0,,,,,,,,,,,,,,,,,,,,,,,05404dc2-1164-448a-9ee4-7bef6d3cafe0
,Rear Camera (Genuine Apple),,,,,,,,,Yes,179.00,,,,,,,,,,0,0,,,,,,,,,,,,,,,,,,,,,,,e6d77b50-ca97-4ce0-ab8f-01e4751683f9
,Rear Camera Lens,,,,,,,,,Yes,99.00,,,,,,,,,,0,0,,,,,,,,,,,,,,,,,,,,,,,1d63f0b0-ee46-4c02-8589-b1ca86b9f31e
,Earpiece Speaker,,,,,,,,,Yes,119.00,,,,,,,,,,0,0,,,,,,,,,,,,,,,,,,,,,,,abf5724a-dd02-498f-ab69-ea8a3a9cab7d
,Front Camera,,,,,,,,,Yes,189.00,,,,,,,,,,0,0,,,,,,,,,,,,,,,,,,,,,,,9a9a810f-4350-4bc0-acfc-bf55dcaab0c6
,Loudspeaker,,,,,,,,,Yes,159.00,,,,,,,,,,0,0,,,,,,,,,,,,,,,,,,,,,,,0ef8d172-fb14-4f94-a388-dfc1bdbf2e78
,Microphone,,,,,,,,,Yes,159.00,,,,,,,,,,0,0,,,,,,,,,,,,,,,,,,,,,,,a0b69466-60cd-4b6f-a3cb-63be4fe43886
,Power Button,,,,,,,,,Yes,159.00,,,,,,,,,,0,0,,,,,,,,,,,,,,,,,,,,,,,635fc44c-4f3a-4502-b408-2f69489819d7
,Volume Button,,,,,,,,,Yes,159.00,,,,,,,,,,0,0,,,,,,,,,,,,,,,,,,,,,,,33dbff7b-d1fd-48ab-9f73-d4d0705463e4
,Battery (Genuine Apple),,,,,,,,,Yes,119.00,,,,,,,,,,0,0,,,,,,,,,,,,,,,,,,,,,,,bc19640a-d0ff-4c9a-a85b-28d742e5834a
iPhone 16 Pro,,,,,,,,,,,,No,No,,20.00,No,,,each.each,No,,,,,,,Additional Services,Yes,Light red,,,,,,,,Yes,iPhone 16 Pro,,,No,,,6514a270-809a-4c13-931e-f1ba7cd67127,
,Diagnostic (Data Recovery),,,,,,,,,Yes,49.00,,,,,,,,,,0,0,,,,,,,,,,,,,,,,,,,,,,,6dd9398c-d283-4d6a-b035-418c8eaf5dab
,Screen (Genuine Apple),,,,,,,,,Yes,349.00,,,,,,,,,,0,0,,,,,,,,,,,,,,,,,,,,,,,31676861-ff98-4467-9dd5-20bf2dc4759d
,Rear Glass (Genuine Apple),,,,,,,,,Yes,249.00,,,,,,,,,,0,0,,,,,,,,,,,,,,,,,,,,,,,9262b91c-d87a-40c3-b898-d3afe3f47806
,Rear Housing (Genuine Apple),,,,,,,,,Yes,249.00,,,,,,,,,,0,0,,,,,,,,,,,,,,,,,,,,,,,6fabec78-e56b-4e06-9480-6b68de97dce6
,Charging Port,,,,,,,,,Yes,199.00,,,,,,,,,,0,0,,,,,,,,,,,,,,,,,,,,,,,a0db3ae9-56e3-4d75-8dd9-a03b35639950
,Rear Camera (Genuine Apple),,,,,,,,,Yes,249.00,,,,,,,,,,0,0,,,,,,,,,,,,,,,,,,,,,,,67db2fee-9fd9-4022-8df0-e8525efeebfc
,Rear Camera Lens,,,,,,,,,Yes,119.00,,,,,,,,,,0,0,,,,,,,,,,,,,,,,,,,,,,,7d7194f1-b1cb-46f4-a6a5-c9547fbb1109
,Earpiece Speaker,,,,,,,,,Yes,149.00,,,,,,,,,,0,0,,,,,,,,,,,,,,,,,,,,,,,c823c0bc-71e3-428d-b407-83147ef6288f
,Front Camera,,,,,,,,,Yes,249.00,,,,,,,,,,0,0,,,,,,,,,,,,,,,,,,,,,,,f02ba342-64ec-416e-99ef-ecbf071974aa
,Loudspeaker,,,,,,,,,Yes,179.00,,,,,,,,,,0,0,,,,,,,,,,,,,,,,,,,,,,,20231416-2a2e-46c6-828b-8f0bd24449dc
,Microphone,,,,,,,,,Yes,179.00,,,,,,,,,,0,0,,,,,,,,,,,,,,,,,,,,,,,4405bf99-6373-4c41-bd69-8351b18ecb7e
,Power Button,,,,,,,,,Yes,179.00,,,,,,,,,,0,0,,,,,,,,,,,,,,,,,,,,,,,cf18717d-773d-40f8-9364-8f8ef8d5347e
,Volume Button,,,,,,,,,Yes,179.00,,,,,,,,,,0,0,,,,,,,,,,,,,,,,,,,,,,,de9701b6-3ffe-45ba-a85e-ba5a36e16758
,Battery (Genuine Apple),,,,,,,,,Yes,119.00,,,,,,,,,,0,0,,,,,,,,,,,,,,,,,,,,,,,cdec492c-6630-4c39-9df9-5984ab4b1d92
iPhone 16 Pro Max,,,,,,,,,,,,No,No,,20.00,No,,,each.each,No,,,,,,,Additional Services,Yes,Light red,,,,,,,,Yes,iPhone 16 Pro Max,,,No,,,6cb92660-bc3b-476d-b1f8-f300b6a6d612,
,Diagnostic (Data Recovery),,,,,,,,,Yes,49.00,,,,,,,,,,0,0,,,,,,,,,,,,,,,,,,,,,,,af9509cf-3f2f-4dd0-9dd3-793a1c5b7f8d
,Screen (Genuine Apple),,,,,,,,,Yes,379.00,,,,,,,,,,0,0,,,,,,,,,,,,,,,,,,,,,,,6f15ef9e-990a-487d-822c-b91a383be2ad
,Rear Glass (Genuine Apple),,,,,,,,,Yes,279.00,,,,,,,,,,0,0,,,,,,,,,,,,,,,,,,,,,,,34c4f677-630b-4147-ae3c-236472871c77
,Rear Housing (Genuine Apple),,,,,,,,,Yes,279.00,,,,,,,,,,0,0,,,,,,,,,,,,,,,,,,,,,,,be95840b-2de2-45f8-8dab-6106afefb6b8
,Charging Port,,,,,,,,,Yes,199.00,,,,,,,,,,0,0,,,,,,,,,,,,,,,,,,,,,,,fcd0f922-a84a-48cc-b529-57c99888a786
,Rear Camera (Genuine Apple),,,,,,,,,Yes,249.00,,,,,,,,,,0,0,,,,,,,,,,,,,,,,,,,,,,,3cf38ec0-6265-4fde-9154-d5a65475cbd9
,Rear Camera Lens,,,,,,,,,Yes,119.00,,,,,,,,,,0,0,,,,,,,,,,,,,,,,,,,,,,,2081f919-f29c-46b3-a7c3-b1b087b434e1
,Earpiece Speaker,,,,,,,,,Yes,149.00,,,,,,,,,,0,0,,,,,,,,,,,,,,,,,,,,,,,df3f1759-d2eb-4616-be7f-d820f1521d3d
,Front Camera,,,,,,,,,Yes,249.00,,,,,,,,,,0,0,,,,,,,,,,,,,,,,,,,,,,,f9242c10-8db9-4902-8e8f-8c6564da3555
,Loudspeaker,,,,,,,,,Yes,179.00,,,,,,,,,,0,0,,,,,,,,,,,,,,,,,,,,,,,591db79b-2f1e-4a83-9cc5-6166d95b69a7
,Microphone,,,,,,,,,Yes,179.00,,,,,,,,,,0,0,,,,,,,,,,,,,,,,,,,,,,,2fd06571-132c-49af-bccc-57b6a2c93947
,Power Button,,,,,,,,,Yes,179.00,,,,,,,,,,0,0,,,,,,,,,,,,,,,,,,,,,,,09d60e95-ce07-454b-8e72-a1e18a33a544
,Volume Button,,,,,,,,,Yes,179.00,,,,,,,,,,0,0,,,,,,,,,,,,,,,,,,,,,,,ff10927f-8146-491b-b6ea-cb19dde362d5
,Battery (Genuine Apple),,,,,,,,,Yes,119.00,,,,,,,,,,0,0,,,,,,,,,,,,,,,,,,,,,,,a12db91f-30cd-480f-b30b-adacb0790456
iPhone SE 2nd Gen (2020),,,,,,,,,,,,No,No,,20.00,No,,,each.each,No,,,,,,,iPhone,Yes,Light red,,,,,,,,Yes,,,,No,,,744679AD-61DF-4954-972E-0B3408EB6157,
,Diagnostic (Data Recovery),,,,,,,,,Yes,99.00,,,,,,,,,,0,0,,,,,,,,,,,,,,,,,,,,,,,77CAAA55-1E46-464F-9B2D-ABF19BB860F4
,Original LCD Screen,,,,,,,,,Yes,149.00,,,,,,,,,,0,0,,,,,,,,,,,,,,,,,,,,,,,A619F312-D80A-45C3-ABC6-4CA43BD24569
,Rear Housing (Genuine),,,,,,,,,Yes,109.00,,,,,,,,,,0,0,,,,,,,,,,,,,,,,,,,,,,,F4F6524F-E53A-4A84-A7B7-9C2560E980EA
,Charging Port (Genuine),,,,,,,,,Yes,59.00,,,,,,,,,,0,0,,,,,,,,,,,,,,,,,,,,,,,DE575C2C-A843-42D4-B98C-98FF22E482F4
,Battery (Genuine),,,,,,,,,Yes,89.00,,,,,,,,,,0,0,,,,,,,,,,,,,,,,,,,,,,,65F1DFA2-8559-44ED-8DF8-2B5D9A096E82
,Rear Camera (Genuine),,,,,,,,,Yes,79.00,,,,,,,,,,0,0,,,,,,,,,,,,,,,,,,,,,,,097884AC-744A-4190-8988-792155C11F1D
,Rear Camera Lens (Genuine),,,,,,,,,Yes,49.00,,,,,,,,,,0,0,,,,,,,,,,,,,,,,,,,,,,,6CF8C042-41C8-42BF-9BCA-049B94A03771
,Earpiece Speaker (Genuine),,,,,,,,,Yes,49.00,,,,,,,,,,0,0,,,,,,,,,,,,,,,,,,,,,,,C37EB1B2-5730-49A6-9A7E-D011F89798D5
,Loudspeaker (Genuine),,,,,,,,,Yes,49.00,,,,,,,,,,0,0,,,,,,,,,,,,,,,,,,,,,,,352C9091-82AE-4992-97DA-D0E54F96E322
,Microphone (Genuine),,,,,,,,,Yes,59.00,,,,,,,,,,0,0,,,,,,,,,,,,,,,,,,,,,,,BAB44509-D651-4701-84FB-F0DFC5DCA43B
,Power Button (Genuine),,,,,,,,,Yes,49.00,,,,,,,,,,0,0,,,,,,,,,,,,,,,,,,,,,,,EB105BBF-A115-42E8-A3FD-7C71210FD510
,Volume Button (Genuine),,,,,,,,,Yes,49.00,,,,,,,,,,0,0,,,,,,,,,,,,,,,,,,,,,,,65FA8A46-FA7F-4C55-B07B-D14A0749AB18
,Mute Button (Genuine),,,,,,,,,Yes,49.00,,,,,,,,,,0,0,,,,,,,,,,,,,,,,,,,,,,,57F85C34-0EC8-4362-BB9E-5D32C8B008D4
,Home Button (Genuine),,,,,,,,,Yes,60.00,,,,,,,,,,0,0,,,,,,,,,,,,,,,,,,,,,,,7B69AEDB-EDEE-46DE-A4FA-ABD3506A9EAE
,WiFi Module,,,,,,,,,Yes,50.00,,,,,,,,,,0,0,,,,,,,,,,,,,,,,,,,,,,,652407FF-8B24-4C15-9955-4DCAC12878F8
,Proximity Sensor,,,,,,,,,Yes,49.00,,,,,,,,,,0,0,,,,,,,,,,,,,,,,,,,,,,,E20F8825-9D87-4329-82FB-9C82C351E7BC
,Front Camera (Genuine),,,,,,,,,Yes,49.00,,,,,,,,,,0,0,,,,,,,,,,,,,,,,,,,,,,,C0C41462-8FE5-4696-97F7-D7EAB9422694
iPhone SE 3rd Gen (2022),,,,,,,,,,,,No,No,,20.00,No,,,each.each,No,,,,,,,iPhone,Yes,Light red,,,,,,,,Yes,,,,No,,,C21EBDCB-309D-4FF9-BB0C-1EF9F7E7593B,
,Diagnostic (Data Recovery),,,,,,,,,Yes,99.00,,,,,,,,,,0,0,,,,,,,,,,,,,,,,,,,,,,,22364635-8C56-4904-93D8-B7E74518CAA1
,Original LCD Screen,,,,,,,,,Yes,149.00,,,,,,,,,,0,0,,,,,,,,,,,,,,,,,,,,,,,03EB9A6D-E12B-407D-8F26-9DE7371C2C85
,Rear Housing (Genuine),,,,,,,,,Yes,129.00,,,,,,,,,,0,0,,,,,,,,,,,,,,,,,,,,,,,745265BD-0DE8-4C68-9423-7FE210E93B21
,Charging Port (Genuine),,,,,,,,,Yes,69.00,,,,,,,,,,0,0,,,,,,,,,,,,,,,,,,,,,,,3CBF4CA0-589C-4C7B-8C8A-41EE0AD3FA11
,Battery (Genuine),,,,,,,,,Yes,89.00,,,,,,,,,,0,0,,,,,,,,,,,,,,,,,,,,,,,0745FDC0-9941-497D-8A31-59103496936A
,Rear Camera (Genuine),,,,,,,,,Yes,99.00,,,,,,,,,,0,0,,,,,,,,,,,,,,,,,,,,,,,92C7930C-9F16-4957-9EE3-7023B68380BE
,Rear Camera Lens (Genuine),,,,,,,,,Yes,59.00,,,,,,,,,,0,0,,,,,,,,,,,,,,,,,,,,,,,793BB627-5CD3-458A-92FD-05BE4C5EFD51
,Front Camera (Genuine),,,,,,,,,Yes,49.00,,,,,,,,,,0,0,,,,,,,,,,,,,,,,,,,,,,,FCC809A8-C018-443F-B08B-017DCEBF389E
,Earpiece Speaker (Genuine),,,,,,,,,Yes,59.00,,,,,,,,,,0,0,,,,,,,,,,,,,,,,,,,,,,,8BFCB133-E332-4D2B-A04C-1B6E50A48DF0
,Loudspeaker (Genuine),,,,,,,,,Yes,49.00,,,,,,,,,,0,0,,,,,,,,,,,,,,,,,,,,,,,B8C377D4-FF5D-448B-95D3-C7A890A7F7D8
,Microphone (Genuine),,,,,,,,,Yes,69.00,,,,,,,,,,0,0,,,,,,,,,,,,,,,,,,,,,,,522C4CF0-051E-4DB0-B0A6-3BE3BA839C36
,Power Button (Genuine),,,,,,,,,Yes,59.00,,,,,,,,,,0,0,,,,,,,,,,,,,,,,,,,,,,,59A2E235-82FE-4F71-8D41-754BD45181EA
,Volume Button (Genuine),,,,,,,,,Yes,59.00,,,,,,,,,,0,0,,,,,,,,,,,,,,,,,,,,,,,DDD307A8-3953-4C0C-B2E0-8BAC43FB8422
,Mute Button (Genuine),,,,,,,,,Yes,59.00,,,,,,,,,,0,0,,,,,,,,,,,,,,,,,,,,,,,2284CAE0-C4D7-4C4F-B6C4-696A99ABC69A
,Home Button (Genuine),,,,,,,,,Yes,60.00,,,,,,,,,,0,0,,,,,,,,,,,,,,,,,,,,,,,8FC93D02-1B9E-4D4C-83F4-BDBB81C21D08
,WiFi Module,,,,,,,,,Yes,50.00,,,,,,,,,,0,0,,,,,,,,,,,,,,,,,,,,,,,88622505-948C-4D8A-B694-EEA53DF614AF
,Proximity Sensor,,,,,,,,,Yes,50.00,,,,,,,,,,0,0,,,,,,,,,,,,,,,,,,,,,,,C51091C0-EADC-45D4-AD7E-1A6C6D21E2E8
iPhone XS Max Battery,,,,,,,,,,Yes,89.00,No,No,,0.00,No,,,each.each,No,0,0,,,,,Additional Services,Yes,Light red,,,,,,,,No,,,,No,,,334f4948-2a2d-4b76-89e2-6ea006dc46dc,3a8d2589-7f74-450d-a5b3-f4906f47ee4f
